gameId,playId,blocker_nflId,blocker_name,blocker_pos,rusher_nflId,n_frames,median_etbc,mean_etbc,min_etbc,pressure_allowed
2021090900,137,37082,Tyron Smith,T,35454,23,7.647739266401351,7.776965871261465,4.539460473238472,0
2021090900,137,42654,La'el Collins,T,40074,22,10,8.081365204822655,3.85037622838638,0
2021090900,137,46119,Connor Williams,G,35441,27,4.61562831222777,5.707229948133664,3.2211617409172173,0
2021090900,137,47873,Connor McGovern,G,46081,19,2.1627891686945775,4.062303693377026,1.3098135842462697,0
2021090900,137,52554,Tyler Biadasz,C,35441,27,4.61562831222777,5.707229948133664,3.2211617409172173,0
2021090900,788,37082,Tyron Smith,T,35454,14,7.863519442068368,6.970288315188826,1.940980874447479,0
2021090900,788,42654,La'el Collins,T,53461,14,5.76241012143203,6.635818113457334,4.050847915928102,0
2021090900,788,46119,Connor Williams,G,40074,14,5.79433951116194,6.468867002962798,5.012526690733091,0
2021090900,788,47873,Connor McGovern,G,34777,14,10,9.968307603594523,9.55630645032333,0
2021090900,788,52554,Tyler Biadasz,C,42560,14,4.976532576041542,5.93341419265414,3.942545209237139,1
2021090900,1425,42654,La'el Collins,T,35441,14,10,8.97419123039541,6.213170143205946,0
2021090900,1425,46119,Connor Williams,G,40074,3,10,10,10,0
2021090900,1425,47873,Connor McGovern,G,46081,6,8.464220684738475,7.907339951503371,4.844471005528702,0
2021090900,1425,52554,Tyler Biadasz,C,40074,3,10,10,10,0
2021090900,2129,37082,Tyron Smith,T,35454,32,3.9828156541618105,4.5818467434178585,2.1430293866309467,0
2021090900,2129,42654,La'el Collins,T,35441,32,8.192831519379084,6.920632004705291,1.9180070269852008,0
2021090900,2129,46119,Connor Williams,G,46081,19,4.555999951217448,5.815209039809172,2.56117748051765,0
2021090900,2129,47873,Connor McGovern,G,35441,32,8.192831519379084,6.920632004705291,1.9180070269852008,0
2021090900,2129,52554,Tyler Biadasz,C,47890,30,8.563333943687617,7.040929304724668,2.9006457918007085,0
2021090900,2441,39985,Giovani Bernard,RB,53441,45,4.459132227368703,5.514336875427662,2.4561593700842628,0
2021090900,2441,40151,Ryan Jensen,C,41263,16,2.9775465069437725,4.177403352983893,2.3022023159772824,0
2021090900,2441,42377,Donovan Smith,T,42403,28,3.7240501784270874,4.98827732678269,1.5921613492178674,0
2021090900,2441,42404,Ali Marpet,G,41263,16,2.9775465069437725,4.177403352983893,2.3022023159772824,0
2021090900,2441,46163,Alex Cappa,G,53441,45,4.459132227368703,5.514336875427662,2.4561593700842628,0
2021090900,2441,52421,Tristan Wirfs,T,53441,45,4.459132227368703,5.514336875427662,2.4561593700842628,0
2021090900,4624,40151,Ryan Jensen,C,44955,25,5.7741167315590936,6.526989629021014,3.281859568959001,0
2021090900,4624,42377,Donovan Smith,T,52587,30,5.35281419106397,5.974485077056267,1.3995444209060008,0
2021090900,4624,42404,Ali Marpet,G,41363,30,7.948673484783688,6.183138306497733,0.4400533332316288,1
2021090900,4624,46163,Alex Cappa,G,44955,25,5.7741167315590936,6.526989629021014,3.281859568959001,0
2021090900,4624,52421,Tristan Wirfs,T,44892,30,8.468199278934529,6.974269854303774,1.7016221038643558,0
2021090900,4699,40151,Ryan Jensen,C,42403,25,6.544475326884579,6.341624938841894,2.500465144977284,0
2021090900,4699,42377,Donovan Smith,T,42403,25,6.544475326884579,6.341624938841894,2.500465144977284,0
2021090900,4699,42404,Ali Marpet,G,46185,15,10,6.503291196649732,1.0370996528901764,0
2021090900,4699,46163,Alex Cappa,G,53504,13,9.007008408880194,8.256619115562772,4.366342069805801,0
2021090900,4699,52421,Tristan Wirfs,T,41263,23,10,8.231591659399092,4.805111854788418,0
2021091200,146,41232,Jake Matthews,T,44826,19,2.778794858061801,4.610773823469129,2.051822495071904,0
2021091200,146,47797,Chris Lindstrom,G,38542,19,10,7.642102639878753,1.9496712036401609,0
2021091200,146,47814,Kaleb McGary,T,35452,19,3.5706768369690196,4.658869166574268,1.1798112059152503,0
2021091200,146,52486,Matt Hennessy,C,43378,19,3.5949831053716133,4.2259872129187945,1.7046688685715925,0
2021091200,146,53497,Jalen Mayfield,G,43378,19,3.5949831053716133,4.2259872129187945,1.7046688685715925,0
2021091200,303,41232,Jake Matthews,T,43378,4,6.485368475914665,7.015969602759315,5.093141459207928,0
2021091200,303,47797,Chris Lindstrom,G,38542,5,10,10,10,0
2021091200,303,47814,Kaleb McGary,T,35452,10,10,9.653622120341518,8.383674465697508,0
2021091200,303,52486,Matt Hennessy,C,38542,5,10,10,10,0
2021091200,303,53497,Jalen Mayfield,G,43378,4,6.485368475914665,7.015969602759315,5.093141459207928,0
2021091200,843,41232,Jake Matthews,T,44826,23,1.7055306257537963,3.0126282441127366,0.6834656110753408,0
2021091200,843,47797,Chris Lindstrom,G,38542,37,2.9681013356215935,3.905853712807682,0.8510554826263855,0
2021091200,843,47814,Kaleb McGary,T,35452,28,2.433684596703772,3.1888405050694626,0.4418407848343003,1
2021091200,843,52486,Matt Hennessy,C,38542,37,2.9681013356215935,3.905853712807682,0.8510554826263855,0
2021091200,843,53497,Jalen Mayfield,G,43378,31,2.111521484680148,3.216646959302543,0.5412445349360764,1
2021091200,3416,41232,Jake Matthews,T,46199,21,2.9962938602022,3.9119749442450598,1.9242636232512025,0
2021091200,3416,47797,Chris Lindstrom,G,53502,21,8.526174871134817,7.013494599233902,2.0889595615968974,0
2021091200,3416,47814,Kaleb McGary,T,37089,21,3.5996067877579314,4.719095524911259,1.8416861847779509,0
2021091200,3416,52486,Matt Hennessy,C,53502,21,8.526174871134817,7.013494599233902,2.0889595615968974,0
2021091200,3416,53497,Jalen Mayfield,G,43405,21,5.121367655584226,5.119349965780307,1.336519212512561,0
2021091200,3776,37234,Lee Smith,TE,46199,27,9.752939579664924,7.940270626629554,3.3223184951746583,0
2021091200,3776,41232,Jake Matthews,T,53618,8,2.968708949655616,4.439455829724779,1.719650706949487,0
2021091200,3776,47797,Chris Lindstrom,G,53502,4,8.99927314390361,8.726488777845445,6.907408823574558,0
2021091200,3776,47814,Kaleb McGary,T,37089,9,10,10,10,0
2021091200,3776,52486,Matt Hennessy,C,53502,4,8.99927314390361,8.726488777845445,6.907408823574558,0
2021091200,3776,53497,Jalen Mayfield,G,53618,8,2.968708949655616,4.439455829724779,1.719650706949487,0
2021091200,4041,41232,Jake Matthews,T,46199,23,2.523189515003705,3.6149671991766885,1.2784076479692394,0
2021091200,4041,47797,Chris Lindstrom,G,53502,25,2.75167109363218,4.28111586279674,1.0370688057151063,0
2021091200,4041,47814,Kaleb McGary,T,37089,25,3.922259889587808,4.47719404947717,1.3066484489174477,0
2021091200,4041,52486,Matt Hennessy,C,53502,25,2.75167109363218,4.28111586279674,1.0370688057151063,0
2021091200,4041,53497,Jalen Mayfield,G,43405,33,3.104905718734385,3.5016720940593915,0,1
2021091200,4112,41232,Jake Matthews,T,44826,37,5.631106624059698,5.525682116871182,0.6331547653579167,0
2021091200,4112,47797,Chris Lindstrom,G,38542,21,10,10,10,0
2021091200,4112,47814,Kaleb McGary,T,38542,21,10,10,10,0
2021091200,4112,52486,Matt Hennessy,C,35452,41,6.942309086229341,6.246275817890195,1.492569438147748,0
2021091200,4112,53497,Jalen Mayfield,G,43378,36,0.8274293143606912,3.312078180788816,0,1
2021091201,589,42392,Mitch Morse,C,35449,23,9.821622726443154,8.278558296129502,5.6366208628362395,0
2021091201,589,42445,Daryl Williams,T,44842,33,6.253720752198616,6.830401939897931,2.5678616085148818,0
2021091201,589,42471,Jon Feliciano,G,37104,25,3.947083342524427,5.326375358174018,0.4774110495015174,1
2021091201,589,44875,Dion Dawkins,T,38548,34,3.163292598078504,4.7015124576215666,0.8296051272758683,0
2021091201,589,47821,Cody Ford,G,35449,23,9.821622726443154,8.278558296129502,5.6366208628362395,0
2021091201,1486,41321,Trai Turner,G,47792,27,6.660763468584655,5.965632478707661,1.6057515998278278,1
2021091201,1486,46161,Chukwuma Okorafor,T,47792,27,6.660763468584655,5.965632478707661,1.6057515998278278,0
2021091201,1486,52543,Kevin Dotson,G,42331,22,5.035661756171442,6.211568292785619,3.280068699198498,0
2021091201,1486,53557,Dan Moore,T,37841,27,3.787819253498227,4.554751400429315,2.9655222215084613,0
2021091201,3049,42392,Mitch Morse,C,37104,10,10,10,10,0
2021091201,3049,42445,Daryl Williams,T,44842,23,4.14262132438638,5.488124328108799,1.8377007596939607,0
2021091201,3049,42471,Jon Feliciano,G,37104,10,10,10,10,0
2021091201,3049,44875,Dion Dawkins,T,38548,23,3.7625758828589,4.1907118192023525,1.0361974445591924,0
2021091201,3049,47821,Cody Ford,G,35449,22,8.248890798082453,7.71398561018842,3.8865488622684894,0
2021091201,3709,41321,Trai Turner,G,43319,26,6.444336247019997,6.143081115786069,1.5130997457576516,0
2021091201,3709,46161,Chukwuma Okorafor,T,47792,21,10,9.932242688596942,8.925516559169003,0
2021091201,3709,47924,Zach Gentry,TE,53459,27,3.898125700982003,5.235035625930457,1.667856226297462,0
2021091201,3709,52543,Kevin Dotson,G,46085,27,3.5091261000369474,5.1147664739095156,1.7131228481129412,0
2021091201,3709,53516,Kendrick Green,C,44976,27,3.3027249781587753,4.791631894752495,1.8842897032996944,0
2021091201,3709,53557,Dan Moore,T,52462,26,4.889534418799379,6.1736721412831805,3.36341667301109,0
2021091201,4011,42392,Mitch Morse,C,35449,28,9.302125214842384,8.901280799229887,6.433378715054014,0
2021091201,4011,42445,Daryl Williams,T,44842,35,10,8.2411421495261,3.9088827809702607,1
2021091201,4011,42471,Jon Feliciano,G,37104,39,3.217571111398411,4.742162885640385,1.0516856332551907,0
2021091201,4011,44875,Dion Dawkins,T,37104,39,3.217571111398411,4.742162885640385,1.0516856332551907,0
2021091201,4011,47821,Cody Ford,G,44842,35,10,8.2411421495261,3.9088827809702607,0
2021091202,815,39684,Greg Van Roten,G,41341,18,5.799891496319635,6.853762837507643,4.031031004129505,0
2021091202,815,42428,Tyler Kroft,TE,52472,27,3.911451469002677,5.067619914142518,0.24115499456430667,1
2021091202,815,43586,George Fant,T,41341,18,5.799891496319635,6.853762837507643,4.031031004129505,0
2021091202,815,52419,Mekhi Becton,T,53587,30,3.5789061751736675,3.593452395991077,0,1
2021091202,815,53443,Alijah Vera-Tucker,G,46230,19,4.963525264694977,5.285181906075762,0.4701537046940739,0
2021091202,1519,39684,Greg Van Roten,G,52415,22,6.282008748732919,5.995349538446347,1.1339402335642828,0
2021091202,1519,43433,Connor McGovern,C,52592,16,7.771901071128031,7.661607340836353,4.564268405972993,0
2021091202,1519,43586,George Fant,T,46205,22,8.677090107552317,8.265134139321761,4.187148949824626,0
2021091202,1519,52419,Mekhi Becton,T,44825,22,1.984196816051298,2.855836122737253,0.404238157294999,1
2021091202,1519,53443,Alijah Vera-Tucker,G,52592,16,7.771901071128031,7.661607340836353,4.564268405972993,0
2021091203,672,43640,Rashod Hill,T,46138,3,10,10,10,0
2021091203,672,46131,Brian O'Neill,T,44872,15,4.397807553693176,5.727192940166953,2.7626983464523924,0
2021091203,672,47801,Garrett Bradbury,C,45226,3,10,10,10,0
2021091203,672,47976,Olisaemeka Udoh,T,46146,6,10,10,10,0
2021091203,672,52466,Ezra Cleveland,G,45226,3,10,10,10,0
2021091203,924,43640,Rashod Hill,T,48145,12,6.048389204379129,6.668171511505066,3.4430799078845173,0
2021091203,924,44853,Dalvin Cook,RB,43641,21,4.863851466930614,5.035675253267774,3.21099946319342,0
2021091203,924,46131,Brian O'Neill,T,53540,21,6.666596592575238,7.100519571810606,4.777717549821889,0
2021091203,924,47801,Garrett Bradbury,C,46138,8,8.157032045667842,7.898166569195637,4.815366093125118,0
2021091203,924,47976,Olisaemeka Udoh,T,45226,12,7.205548846680188,6.56569994819844,2.315792152762079,0
2021091203,924,52466,Ezra Cleveland,G,48145,12,6.048389204379129,6.668171511505066,3.4430799078845173,0
2021091203,1745,43640,Rashod Hill,T,44915,23,1.748146980703659,3.2048326532669424,1.1789434329588344,1
2021091203,1745,46131,Brian O'Neill,T,46146,23,3.78285009467214,4.920094535186172,2.4421135212251888,0
2021091203,1745,47801,Garrett Bradbury,C,44877,17,7.726799413326322,7.6832378491711975,3.4603166415896403,0
2021091203,1745,47976,Olisaemeka Udoh,T,53540,17,4.908032954418925,6.297447670857515,3.8311669457029383,0
2021091203,1745,52466,Ezra Cleveland,G,44877,17,7.726799413326322,7.6832378491711975,3.4603166415896403,0
2021091203,1809,43640,Rashod Hill,T,44915,33,6.167971433771816,5.239459473631237,0.920789580127382,0
2021091203,1809,46131,Brian O'Neill,T,53540,25,7.400702028233436,7.135931550430617,3.150422887253733,0
2021091203,1809,47801,Garrett Bradbury,C,44877,25,3.526650761565365,5.070847058224931,2.1701657137586112,0
2021091203,1809,47976,Olisaemeka Udoh,T,53540,25,7.400702028233436,7.135931550430617,3.150422887253733,0
2021091203,1809,52466,Ezra Cleveland,G,44877,25,3.526650761565365,5.070847058224931,2.1701657137586112,0
2021091203,2219,43640,Rashod Hill,T,48145,32,3.062181908393551,3.6170838474540714,0.8566626379308672,0
2021091203,2219,46131,Brian O'Neill,T,53935,28,4.170868124829787,4.739510928434013,1.4777868917601598,0
2021091203,2219,47801,Garrett Bradbury,C,43455,33,3.1552339531577505,4.207736363478133,1.1524956460869555,0
2021091203,2219,47976,Olisaemeka Udoh,T,43455,33,3.1552339531577505,4.207736363478133,1.1524956460869555,0
2021091203,2219,52466,Ezra Cleveland,G,48145,32,3.062181908393551,3.6170838474540714,0.8566626379308672,0
2021091203,4596,43640,Rashod Hill,T,44915,21,7.009362862157541,6.510058431196748,2.0246798208392542,0
2021091203,4596,46131,Brian O'Neill,T,44877,17,4.661101350370193,6.0048484513230225,3.4757435686267986,0
2021091203,4596,46226,Tyler Conklin,TE,46146,33,5.603105881058086,5.357341498403436,0.5331040514786347,1
2021091203,4596,47801,Garrett Bradbury,C,43455,11,3.1550261609265458,4.50002953240257,2.2540091719395097,0
2021091203,4596,47976,Olisaemeka Udoh,T,44877,17,4.661101350370193,6.0048484513230225,3.4757435686267986,0
2021091203,4596,52466,Ezra Cleveland,G,43455,11,3.1550261609265458,4.50002953240257,2.2540091719395097,0
2021091204,1187,43453,Halapoulivaati Vaitai,G,42360,19,4.883027675406085,6.1481808607804735,2.984223128235511,0
2021091204,1187,46089,Frank Ragnow,C,42360,19,4.883027675406085,6.1481808607804735,2.984223128235511,0
2021091204,1187,48455,Matt Nelson,T,41249,16,10,8.81348950363174,6.110407811499098,0
2021091204,1187,52483,Jonah Jackson,G,44938,24,7.389430304696092,7.113561564345185,3.37543865274815,0
2021091204,1187,53436,Penei Sewell,T,47785,24,2.523861976719659,4.198656851973111,1.5308571515878706,0
2021091204,3741,43453,Halapoulivaati Vaitai,G,47785,25,3.0213515599072607,4.28917045425007,1.2176477992722654,0
2021091204,3741,46089,Frank Ragnow,C,44938,25,2.782017096740025,3.4713864347607526,1.802605751604934,0
2021091204,3741,48455,Matt Nelson,T,47785,25,3.0213515599072607,4.28917045425007,1.2176477992722654,0
2021091204,3741,52483,Jonah Jackson,G,41919,22,10,8.095473659012168,3.9511539999222487,0
2021091204,3741,53436,Penei Sewell,T,44938,25,2.782017096740025,3.4713864347607526,1.802605751604934,0
2021091204,4135,43453,Halapoulivaati Vaitai,G,46197,20,7.6725172789245555,7.917946731934024,5.418254122174946,0
2021091204,4135,46089,Frank Ragnow,C,48123,23,5.439344558672969,6.341033018271741,3.358830430310127,0
2021091204,4135,48455,Matt Nelson,T,41249,23,5.457999700792677,5.918206375521427,3.225895549438194,0
2021091204,4135,52483,Jonah Jackson,G,44938,24,3.2037086148837464,4.505792468071758,2.251977838794228,0
2021091204,4135,53436,Penei Sewell,T,44938,24,3.2037086148837464,4.505792468071758,2.251977838794228,0
2021091204,4492,43453,Halapoulivaati Vaitai,G,42360,23,10,8.197953750361613,5.031537964940245,0
2021091204,4492,46089,Frank Ragnow,C,42360,23,10,8.197953750361613,5.031537964940245,0
2021091204,4492,48455,Matt Nelson,T,41249,27,5.5327444102813805,5.592126131186532,1.3551378091817357,0
2021091204,4492,52483,Jonah Jackson,G,48123,21,6.412126669237588,7.220234452389339,4.242902822324408,0
2021091204,4492,53436,Penei Sewell,T,48123,21,6.412126669237588,7.220234452389339,4.242902822324408,0
2021091205,249,41939,Andrew Norwell,G,47944,23,3.6727426641224814,4.674847548130928,1.7369653403266976,0
2021091205,249,42410,A.J. Cann,G,43356,19,9.266648069098103,7.165572380895024,2.126744796437565,0
2021091205,249,44846,Cam Robinson,T,38556,23,3.3890747530561054,4.598009834911532,2.984792197948157,0
2021091205,249,47818,Jawaan Taylor,T,46255,23,2.892953538662849,3.5833743510321723,0.619493652861782,0
2021091205,1808,37213,Marcus Cannon,T,43333,29,8.226475746338735,6.017996588873113,0.8983916561463968,0
2021091205,1808,41293,Justin Britt,C,52481,32,1.782120163630021,3.0059357404715215,0,0
2021091205,1808,43302,Laremy Tunsil,T,46098,34,4.573569777794942,5.260362025061128,0.8324008603953189,0
2021091205,1808,47806,Tytus Howard,T,52481,32,1.782120163630021,3.0059357404715215,0,1
2021091205,1808,47838,Max Scharping,G,42375,28,9.74758097501581,7.577395121215791,2.020189748043558,0
2021091205,3383,41322,Brandon Linder,G,53624,19,7.783435689777294,7.2856612350282655,3.037832152099337,0
2021091205,3383,41939,Andrew Norwell,G,53624,19,7.783435689777294,7.2856612350282655,3.037832152099337,0
2021091205,3383,42410,A.J. Cann,G,52448,25,4.930652462505061,5.159142880917904,0.485683396365302,0
2021091205,3383,44846,Cam Robinson,T,43372,22,2.8386469412283866,4.099168538752599,1.7813126940611612,0
2021091205,3383,47818,Jawaan Taylor,T,44863,24,3.277183507433358,4.469901367334964,1.9936618764456788,0
2021091206,1583,33107,Duane Brown,T,53450,22,2.312525900451191,3.6773478590028406,0.9496988882702436,0
2021091206,1583,41310,Gabe Jackson,G,44957,22,4.643445543669347,5.074315371450197,2.328553209955994,0
2021091206,1583,43447,Brandon Shell,T,45009,21,3.1487456129406204,4.338507179747915,1.5399940633446407,0
2021091206,1583,45056,Kyle Fuller,G,44957,22,4.643445543669347,5.074315371450197,2.328553209955994,0
2021091206,1583,52477,Damien Lewis,G,43296,22,9.27116471324055,7.853959667981396,4.232484268292368,0
2021091206,2229,33107,Duane Brown,T,45009,24,8.820392815765413,8.265980796343397,5.457087158970298,0
2021091206,2229,41310,Gabe Jackson,G,52759,24,4.320298329470582,4.729004856773858,0.5276579373952357,1
2021091206,2229,43447,Brandon Shell,T,46133,24,4.541025146723162,5.446293942414031,1.9152199023012224,0
2021091206,2229,44870,Ethan Pocic,C,44957,15,10,8.349076453296059,5.032524978763741,0
2021091206,2229,52477,Damien Lewis,G,44957,15,10,8.349076453296059,5.032524978763741,0
2021091206,2419,41310,Gabe Jackson,G,46618,5,5.850543725587733,6.888408085725425,3.9649045463818102,0
2021091206,2419,43447,Brandon Shell,T,43296,7,5.704596559297632,7.194898347032476,4.5819800275522775,0
2021091206,2419,45056,Kyle Fuller,G,46618,5,5.850543725587733,6.888408085725425,3.9649045463818102,0
2021091206,2676,33107,Duane Brown,T,53450,22,3.1316000985678274,4.569176553326355,1.7677359984051344,0
2021091206,2676,41310,Gabe Jackson,G,43296,26,3.4167714541703953,4.812452311852348,2.0422060824501065,0
2021091206,2676,43447,Brandon Shell,T,47832,26,3.0860159388079165,3.9938484775473095,1.0657248570047884,0
2021091206,2676,45056,Kyle Fuller,G,46133,26,2.7008836654727997,3.0374824915380128,0.35748605987421483,0
2021091206,2676,52477,Damien Lewis,G,46133,26,2.7008836654727997,3.0374824915380128,0.35748605987421483,1
2021091206,3311,42477,Mark Glowinski,G,41786,36,4.486051240029102,5.854773638251324,1.851291888818174,0
2021091206,3311,43307,Ryan Kelly,C,46487,25,4.971258306254546,5.450887408368401,1.0629675859678378,0
2021091206,3311,44943,Julien Davenport,T,46148,30,2.7938349673818488,4.526296623248375,2.283683908959123,0
2021091206,3311,46075,Quenton Nelson,G,46487,25,4.971258306254546,5.450887408368401,1.0629675859678378,0
2021091206,3311,46106,Braden Smith,T,35493,37,3.997469756934619,3.972600866606324,0.9936592169285569,1
2021091206,3761,42477,Mark Glowinski,G,41786,35,5.9110414399739755,6.129488041557742,1.95939464231556,0
2021091206,3761,43307,Ryan Kelly,C,46148,25,7.215816160306336,6.996162050737353,2.8081840523889485,0
2021091206,3761,44943,Julien Davenport,T,52556,35,4.522334373618939,4.362165864427489,0.4158283954077279,1
2021091206,3761,46075,Quenton Nelson,G,46148,25,7.215816160306336,6.996162050737353,2.8081840523889485,0
2021091206,3761,46106,Braden Smith,T,35493,37,4.113095378004906,5.131242726750691,0.6731773145764383,0
2021091207,494,35472,Rodger Saffold,G,47848,3,10,10,10,0
2021091207,494,40124,David Quessenberry,G,37084,4,9.008589779853391,8.559157911044908,6.219452084472846,0
2021091207,494,47865,Nate Davis,G,37084,4,9.008589779853391,8.559157911044908,6.219452084472846,0
2021091207,2345,38779,Kelvin Beachum,T,46110,26,3.9267077795268155,5.707368981448008,2.285107896657893,0
2021091207,2345,52480,Josh Jones,G,46110,26,3.9267077795268155,5.707368981448008,2.285107896657893,0
2021091208,1521,35462,Bryan Bulaga,T,43441,7,10,9.184818827024877,6.273176327195698,0
2021091208,1521,40089,Oday Aboushi,G,43441,7,10,9.184818827024877,6.273176327195698,0
2021091208,1521,41390,Corey Linsley,C,44829,5,3.3505189378108,4.56438220517872,2.351342676294274,0
2021091208,1521,41959,Matt Feiler,G,44829,5,3.3505189378108,4.56438220517872,2.351342676294274,0
2021091208,1521,45573,Austin Ekeler,RB,47956,15,5.483980785318888,5.499623604664432,1.1104758362327936,0
2021091208,1521,53442,Rashawn Slater,T,47809,17,7.856028276143581,7.418376334794313,2.9709654171276445,0
2021091208,1710,35462,Bryan Bulaga,T,52410,21,4.268413139792074,4.968886749914527,3.0432828909243077,0
2021091208,1710,40089,Oday Aboushi,G,43373,21,2.5540604905697633,3.4399021314716243,1.772891825820377,0
2021091208,1710,41390,Corey Linsley,C,43441,21,7.6345115041200975,7.880030515359607,4.7009764267015965,0
2021091208,1710,41959,Matt Feiler,G,46082,16,9.9054489898015,8.499766414520892,5.442519038482978,0
2021091208,1710,53442,Rashawn Slater,T,52637,20,3.9760526871638353,5.458941368131571,2.622109510372498,0
2021091208,2761,40089,Oday Aboushi,G,52410,19,5.17379563574549,6.1422007922811135,3.25740994945912,0
2021091208,2761,41390,Corey Linsley,C,46232,26,6.398154133568941,6.393083148355744,0.7759873799639773,0
2021091208,2761,41959,Matt Feiler,G,46232,26,6.398154133568941,6.393083148355744,0.7759873799639773,0
2021091208,2761,45630,Storm Norton,T,43441,19,9.03161344237392,8.162309307511523,4.230035186672472,0
2021091208,2761,53442,Rashawn Slater,T,52637,26,8.517673799755656,7.617865303825506,3.7215065774247913,0
2021091209,3510,43367,Joe Thuney,G,44813,17,3.670005183294443,4.717695949990157,2.0587713758136323,0
2021091209,3510,46152,Orlando Brown,T,44813,17,3.670005183294443,4.717695949990157,2.0587713758136323,0
2021091209,3510,52504,Lucas Niang,T,41227,17,4.055222518525477,5.601917707042927,2.8217360770716446,0
2021091209,3510,53492,Creed Humphrey,C,44847,7,10,9.084330023152098,6.523660195761292,0
2021091209,3510,53655,Trey Smith,G,38667,6,10,10,10,0
2021091209,3745,40070,J.C. Tretter,C,43326,18,3.0625591190312766,4.160013801976607,2.2002251691441432,0
2021091209,3745,40416,Christopher Hubbard,T,43326,18,3.0625591190312766,4.160013801976607,2.2002251691441432,0
2021091209,3745,41264,Joel Bitonio,G,43326,18,3.0625591190312766,4.160013801976607,2.2002251691441432,0
2021091209,3745,43297,Jack Conklin,T,40051,18,3.0022459065747253,4.737079915109235,2.1371231938977626,0
2021091209,3745,46235,Wyatt Teller,G,43338,18,3.8786503143412387,4.002317731782946,1.1539703766866134,0
2021091210,2426,42474,Shaquille Mason,G,40030,12,2.8810178649491816,3.873134460671768,2.4737987350120325,0
2021091210,2426,42883,David Andrews,C,40030,12,2.8810178649491816,3.873134460671768,2.4737987350120325,0
2021091210,2426,46092,Isaiah Wynn,T,43321,12,2.6161184506811255,3.6413605572572676,2.16714383443142,0
2021091210,2426,52590,Michael Onwenu,G,43321,12,2.6161184506811255,3.6413605572572676,2.16714383443142,0
2021091210,2426,52603,Justin Herron,T,47796,12,3.838439179427636,4.557772264337132,3.2580227955252776,0
2021091211,283,41296,Billy Turner,T,37097,21,4.1157120125952895,5.504419234757129,3.311237701568588,0
2021091211,283,44068,Lucas Patrick,G,42553,21,5.535368858498537,6.300217127653883,3.786578240780509,0
2021091211,283,47827,Elgton Jenkins,G,46083,21,3.2684883502815585,4.807912956718208,1.522439270079643,0
2021091211,283,53491,Josh Myers,C,52665,14,10,9.156262997953114,6.486223227931386,0
2021091211,283,53571,Royce Newman,T,52665,14,10,9.156262997953114,6.486223227931386,0
2021091211,1979,41296,Billy Turner,T,48027,32,4.7336642215076346,5.653140010508317,0.5999698180811682,0
2021091211,1979,44068,Lucas Patrick,G,42553,31,6.522643241292438,5.478826959525254,0,1
2021091211,1979,47827,Elgton Jenkins,G,42553,31,6.522643241292438,5.478826959525254,0,0
2021091211,1979,53491,Josh Myers,C,52665,22,4.500964886840925,5.626557094821823,1.7900080326399803,0
2021091211,1979,53571,Royce Newman,T,37097,25,4.752501334911201,4.824956836446619,0.41862374411215286,1
2021091211,2118,40023,Terron Armstead,T,52650,2,10,10,10,1
2021091211,2118,42356,Andrus Peat,G,52650,2,10,10,10,0
2021091211,2118,44844,Ryan Ramczyk,T,42465,8,1.9730381417475418,3.8810772821496946,0.9611254478639104,0
2021091211,2118,52432,Cesar Ruiz,G,43316,5,10,9.651054006315869,8.786190318092444,0
2021091211,2118,52666,Calvin Throckmorton,T,43426,7,10,8.65070604699242,5.936583722141556,0
2021091211,2259,41296,Billy Turner,T,44871,31,3.741478665956628,4.537782995099131,1.404110607854413,0
2021091211,2259,44068,Lucas Patrick,G,48599,26,10,7.338013029031148,2.5246507660434516,0
2021091211,2259,47827,Elgton Jenkins,G,48599,26,10,7.338013029031148,2.5246507660434516,0
2021091211,2259,52470,A.J. Dillon,RB,48537,32,10,7.101224981753948,2.185674233822632,0
2021091211,2259,53491,Josh Myers,C,48544,25,9.574414486860425,7.964184401670678,4.3985531995442315,0
2021091211,2259,53571,Royce Newman,T,48544,25,9.574414486860425,7.964184401670678,4.3985531995442315,0
2021091211,2493,40023,Terron Armstead,T,47933,8,8.699069055592048,7.467696734158931,3.656520457887686,0
2021091211,2493,42356,Andrus Peat,G,47933,8,8.699069055592048,7.467696734158931,3.656520457887686,0
2021091211,2493,44844,Ryan Ramczyk,T,43426,15,1.820920441854905,3.480326974064832,0.6322444464303658,0
2021091211,2493,52432,Cesar Ruiz,G,43316,13,1.8462752141299283,3.3507767008456324,0.6001993635837403,0
2021091211,2493,52666,Calvin Throckmorton,T,43316,13,1.8462752141299283,3.3507767008456324,0.6001993635837403,0
2021091211,3031,41296,Billy Turner,T,44871,14,10,9.752374529382339,8.172153333897922,0
2021091211,3031,44068,Lucas Patrick,G,48599,10,9.659956583468851,8.456128074149325,5.405959266807108,0
2021091211,3031,53491,Josh Myers,C,48027,17,3.4896948158882335,4.832599539485838,1.919159193891419,0
2021091212,421,37090,Nate Solder,T,37075,38,1.8975000759058207,3.047929035552213,0,1
2021091212,421,46103,Will Hernandez,G,47854,39,2.951558905801405,2.8602033698228424,0,1
2021091212,421,46629,Nick Gates,C,41464,30,5.665975524972854,6.205900470010464,1.8813319298073623,0
2021091212,421,52412,Andrew Thomas,T,48089,39,3.1634830655116883,4.329171321971456,0.4829962835253889,0
2021091212,421,52558,Shane Lemieux,G,48089,39,3.1634830655116883,4.329171321971456,0.4829962835253889,0
2021091212,745,38642,Bobby Massie,T,47878,9,10,9.085947400959872,6.536067630694382,0
2021091212,745,43384,Graham Glasgow,G,43332,7,5.272585276322507,5.785082182256559,3.224760075232346,0
2021091212,745,47824,Dalton Risner,G,42349,2,10,10,10,0
2021091212,745,52491,Lloyd Cushenberry,C,42349,2,10,10,10,0
2021091212,745,53464,Javonte Williams,RB,52518,29,6.359360010596062,6.569784781451644,2.959045225732062,0
2021091212,1593,38642,Bobby Massie,T,53479,26,4.206810241379856,4.368046230888576,1.4055876550735125,0
2021091212,1593,42358,Melvin Gordon,RB,46135,25,5.954761719344276,6.816597026145158,3.313851521620542,0
2021091212,1593,43384,Graham Glasgow,G,52626,29,4.436441763857845,4.303255802888094,2.8531147417513076,0
2021091212,1593,44832,Garett Bolles,T,46135,25,5.954761719344276,6.816597026145158,3.313851521620542,0
2021091212,1593,47824,Dalton Risner,G,46135,25,5.954761719344276,6.816597026145158,3.313851521620542,0
2021091212,1593,52491,Lloyd Cushenberry,C,42349,20,5.604101421786634,5.904777810748221,0.8352180400142847,0
2021091212,1855,38642,Bobby Massie,T,42355,13,6.430315425421539,7.5886278698582155,5.278719282737729,0
2021091212,1855,43384,Graham Glasgow,G,42355,13,6.430315425421539,7.5886278698582155,5.278719282737729,0
2021091212,1855,44832,Garett Bolles,T,52518,21,4.533028004724922,4.440534265188045,2.8284310561827524,0
2021091212,1855,47824,Dalton Risner,G,43332,23,3.2124949364113644,4.204217458241184,0.9796272454038756,0
2021091212,1855,52491,Lloyd Cushenberry,C,43332,23,3.2124949364113644,4.204217458241184,0.9796272454038756,0
2021091212,1989,38642,Bobby Massie,T,53479,53,3.63332643578002,3.8010752595628086,0,0
2021091212,1989,43384,Graham Glasgow,G,43332,45,3.0895280066395134,3.83134885063503,0.6957833455748523,0
2021091212,1989,44832,Garett Bolles,T,42349,50,4.1667865295199,4.652863614269122,0,0
2021091212,1989,47824,Dalton Risner,G,42355,45,1.7673767937219145,2.7887141593751426,0,0
2021091212,1989,52491,Lloyd Cushenberry,C,42355,45,1.7673767937219145,2.7887141593751426,0,0
2021091212,2151,38642,Bobby Massie,T,47878,22,3.3621774168713747,3.951224542035398,1.084402413954698,0
2021091212,2151,43384,Graham Glasgow,G,52626,22,2.2447680249865303,3.7474446813181714,1.6014197680193636,0
2021091212,2151,44832,Garett Bolles,T,46135,21,2.4142848994091755,3.745406996353785,1.905365686442883,0
2021091212,2151,47824,Dalton Risner,G,42349,22,6.055852221025116,6.448439224752348,2.104263081392916,0
2021091212,2151,52491,Lloyd Cushenberry,C,42349,22,6.055852221025116,6.448439224752348,2.104263081392916,0
2021091212,3294,46103,Will Hernandez,G,41464,21,4.498026767249443,5.383529044436286,2.374204822731637,0
2021091212,3294,46629,Nick Gates,C,41464,21,4.498026767249443,5.383529044436286,2.374204822731637,0
2021091212,3294,52412,Andrew Thomas,T,48089,27,3.122359837523868,3.830822996277632,1.207090497556507,0
2021091212,3294,52507,Matt Peart,T,47854,14,10,9.969420011179864,9.571880156518093,0
2021091212,3294,52551,Ben Bredeson,G,47016,27,3.146342165093677,4.352375191930062,1.6382759472040758,0
2021091212,3625,46103,Will Hernandez,G,41449,24,4.09788583796899,4.059172168149645,1.6680638614419434,0
2021091212,3625,46629,Nick Gates,C,42826,24,7.1144199301794515,6.35160135626163,2.847116810754902,0
2021091212,3625,52412,Andrew Thomas,T,53668,23,3.621839347517621,4.9947885993835035,3.2345389433778005,0
2021091212,3625,52507,Matt Peart,T,53930,24,2.917479988033582,3.2049420003264784,1.655383280919318,0
2021091212,3625,52551,Ben Bredeson,G,42826,24,7.1144199301794515,6.35160135626163,2.847116810754902,0
2021091212,3673,46103,Will Hernandez,G,47854,29,5.202660618019917,5.250531546083917,1.3181836571466174,0
2021091212,3673,46629,Nick Gates,C,47854,29,5.202660618019917,5.250531546083917,1.3181836571466174,0
2021091212,3673,52412,Andrew Thomas,T,53668,23,4.801079351251677,5.808915711075971,2.5341628030723005,0
2021091212,3673,52507,Matt Peart,T,53930,39,5.534670416860691,6.362963827525241,2.3460508521396166,0
2021091212,3673,52551,Ben Bredeson,G,40347,29,4.976482218568584,4.449824161371701,1.5901863434999262,0
2021091213,607,30869,Andrew Whitworth,T,46214,19,5.414007801735642,6.423745407639814,2.4757342049612823,0
2021091213,607,42400,Rob Havenstein,T,41231,26,5.615590485105022,6.029135094455501,1.9627911303374572,0
2021091213,607,46102,Austin Corbett,G,41231,26,5.615590485105022,6.029135094455501,1.9627911303374572,0
2021091213,607,46180,Brian Allen,C,38619,23,5.252725585649221,6.032293214689136,1.1500860885921962,0
2021091213,607,47952,David Edwards,G,46214,19,5.414007801735642,6.423745407639814,2.4757342049612823,0
2021091213,2063,43320,Germain Ifedi,T,43298,13,10,9.112572599522345,6.633839887548792,0
2021091213,2063,43345,Cody Whitehair,G,47917,13,10,8.227255530617924,4.705344461925075,0
2021091213,2063,46108,James Daniels,G,41239,11,8.212913626877397,8.08940891643904,5.508544809815347,0
2021091213,2063,48159,Sam Mustipher,C,41239,11,8.212913626877397,8.08940891643904,5.508544809815347,0
2021091213,2063,53580,Larry Borom,T,47917,13,10,8.227255530617924,4.705344461925075,0
2021091213,2905,43320,Germain Ifedi,T,41239,23,9.42580228216094,8.162363598138326,2.2836584074310213,0
2021091213,2905,43345,Cody Whitehair,G,46191,32,4.6436490583727394,5.968151063804696,1.9207850968173177,0
2021091213,2905,45550,Elijah Wilkinson,T,46264,14,10,9.728140907606855,7.224958965809126,0
2021091213,2905,46108,James Daniels,G,41239,23,9.42580228216094,8.162363598138326,2.2836584074310213,0
2021091213,2905,48159,Sam Mustipher,C,46191,32,4.6436490583727394,5.968151063804696,1.9207850968173177,0
2021091213,3351,43320,Germain Ifedi,T,43298,22,1.832058002572807,3.522211917188508,1.063316979086366,0
2021091213,3351,43345,Cody Whitehair,G,47917,22,5.8995139476317995,6.756107613381858,3.493750338654558,0
2021091213,3351,45550,Elijah Wilkinson,T,47939,22,3.1350050068878685,4.493480030342938,1.5796397981368488,0
2021091213,3351,46108,James Daniels,G,47917,22,5.8995139476317995,6.756107613381858,3.493750338654558,0
2021091213,3351,48159,Sam Mustipher,C,47917,22,5.8995139476317995,6.756107613381858,3.493750338654558,0
2021091213,3494,43320,Germain Ifedi,T,52492,44,1.9729675817799364,2.8944969620727417,0,1
2021091213,3494,43345,Cody Whitehair,G,41239,58,0.6772098816708161,2.0996427737589825,0,1
2021091213,3494,45550,Elijah Wilkinson,T,47939,33,5.431122966749477,6.21680582516734,2.651173698089013,0
2021091213,3494,46108,James Daniels,G,46264,29,5.846382738171039,5.469370898366018,1.0817755576254446,0
2021091213,3494,48159,Sam Mustipher,C,46264,29,5.846382738171039,5.469370898366018,1.0817755576254446,0
2021091300,1921,44972,Jermaine Eluemunor,G,33131,13,10,7.516362707449067,2.7116004961288835,0
2021091300,1921,46084,Kolton Miller,T,53460,21,6.05920410017186,6.157910256837235,2.5119846963862003,0
2021091300,1921,48235,Andre James,C,33131,13,10,7.516362707449067,2.7116004961288835,0
2021091300,1921,52517,John Simpson,G,37240,11,5.424166719600066,6.685252005706434,3.8365529763311392,0
2021091300,1921,53446,Alex Leatherwood,T,37145,25,6.563037895274138,6.8337172051967885,2.7021042545819656,0
2021091300,2526,38557,Kevin Zeitler,G,43436,22,4.299819887531539,5.393426490338252,1.2400157569891943,0
2021091300,2526,41222,Alejandro Villanueva,T,47889,28,3.6649715720256273,4.378819595301664,0.3998524331940383,1
2021091300,2526,43295,Ronnie Stanley,T,43358,26,2.5218733821600674,2.6773636830588337,0,1
2021091300,2526,46284,Bradley Bozeman,C,43436,22,4.299819887531539,5.393426490338252,1.2400157569891943,0
2021091300,2526,47906,Ben Powers,G,39997,24,2.6558391935656775,4.357212437518159,0.5471413046733067,0
2021091300,2951,38557,Kevin Zeitler,G,43354,21,5.780309785033746,6.6048405421843785,3.17125984124346,0
2021091300,2951,41222,Alejandro Villanueva,T,42535,20,5.30880693072675,6.127405518303948,2.836358105145385,0
2021091300,2951,43295,Ronnie Stanley,T,39997,18,6.849251479013816,6.998319539272805,3.4320079415587577,0
2021091300,2951,45268,Patrick Ricard,FB,47889,22,5.770436281783161,5.828103437289392,1.1059978983110683,0
2021091300,2951,46284,Bradley Bozeman,C,42535,20,5.30880693072675,6.127405518303948,2.836358105145385,0
2021091300,2951,47906,Ben Powers,G,39997,18,6.849251479013816,6.998319539272805,3.4320079415587577,0
2021091300,3312,42547,Darren Waller,TE,53460,20,10,7.357569922251714,1.877514454349932,0
2021091300,3312,44972,Jermaine Eluemunor,G,52479,2,10,10,10,0
2021091300,3312,48235,Andre James,C,40042,17,5.344501267489049,6.513446888110262,2.3048096327494725,0
2021091300,3312,52517,John Simpson,G,33131,28,5.443151039951255,5.844917210822695,1.122203395546841,1
2021091300,3312,53446,Alex Leatherwood,T,52479,2,10,10,10,0
2021091600,375,37090,Nate Solder,T,52637,28,5.2518001604329,5.588290985738491,1.6100969939162355,0
2021091600,375,46090,Billy Price,C,46232,23,8.547343246354531,6.9720263547654024,2.6293002523976905,0
2021091600,375,46103,Will Hernandez,G,43441,25,3.631644017588249,4.665354335941805,1.8794105625330717,1
2021091600,375,46629,Nick Gates,C,52410,28,2.572219630866446,3.7583249777495418,0.4106691578180464,1
2021091600,375,52412,Andrew Thomas,T,52410,28,2.572219630866446,3.7583249777495418,0.4106691578180464,1
2021091600,1233,41475,Charles Leno,T,43332,17,9.51697149507454,8.907800900723087,6.15187184228802,0
2021091600,1233,42348,Brandon Scherff,G,47800,21,3.864573539734426,5.0394529370648105,1.646708136753641,0
2021091600,1233,42352,Ereck Flowers,G,43332,17,9.51697149507454,8.907800900723087,6.15187184228802,0
2021091600,1233,45012,Chase Roullier,C,43332,17,9.51697149507454,8.907800900723087,6.15187184228802,0
2021091600,1233,52474,Antonio Gibson,RB,40031,32,1.8851115722044463,2.6119952555641333,0.8776301298204051,1
2021091600,1233,53480,Samuel Cosmi,T,42349,24,5.932182163596129,6.341647660922522,2.4095173625334603,0
2021091600,2354,37090,Nate Solder,T,52410,23,4.664520567644013,6.00203704965825,3.130818115734664,0
2021091600,2354,46090,Billy Price,C,43441,23,5.339583625582469,5.435937313819396,1.3431964962474818,0
2021091600,2354,46103,Will Hernandez,G,43441,23,5.339583625582469,5.435937313819396,1.3431964962474818,0
2021091600,2354,52412,Andrew Thomas,T,52637,32,4.035659192844737,5.399854030273904,2.9825863675992825,0
2021091600,2354,52551,Ben Bredeson,G,46082,32,4.257580418506592,5.229489149500501,2.558084991704902,0
2021091600,2378,37090,Nate Solder,T,52410,27,4.172395146460009,4.382026502072136,0.8941554487113929,0
2021091600,2378,37118,Kyle Rudolph,TE,47809,20,10,9.327896036062603,5.917380526985562,0
2021091600,2378,46090,Billy Price,C,43441,27,5.859541721809036,6.261379591604571,1.8744169568840097,0
2021091600,2378,46103,Will Hernandez,G,43441,27,5.859541721809036,6.261379591604571,1.8744169568840097,0
2021091600,2378,52412,Andrew Thomas,T,46082,19,7.430275325149252,7.199464784233567,3.1113859166915705,0
2021091600,2378,52551,Ben Bredeson,G,46082,19,7.430275325149252,7.199464784233567,3.1113859166915705,0
2021091600,2834,41475,Charles Leno,T,53876,27,3.1316834107674296,4.032066910607397,2.308545468866547,0
2021091600,2834,42348,Brandon Scherff,G,47800,20,4.6253291405106145,5.544655742190301,2.0313872496032186,0
2021091600,2834,42352,Ereck Flowers,G,42355,23,6.702715756328187,6.52354363663122,1.5069824272338876,0
2021091600,2834,45012,Chase Roullier,C,47800,20,4.6253291405106145,5.544655742190301,2.0313872496032186,0
2021091600,2834,53480,Samuel Cosmi,T,47878,24,5.096372519630129,6.27734633186714,3.0599369362134463,0
2021091600,3392,41475,Charles Leno,T,47878,28,2.6809052923664027,2.995184783589962,1.0536772424032237,1
2021091600,3392,42348,Brandon Scherff,G,43420,21,8.33198319434298,7.28845457207031,3.4992535692729856,0
2021091600,3392,42352,Ereck Flowers,G,47878,28,2.6809052923664027,2.995184783589962,1.0536772424032237,0
2021091600,3392,45012,Chase Roullier,C,42349,12,10,8.346573633323576,4.6099461631494965,0
2021091600,3392,53480,Samuel Cosmi,T,46135,28,3.885369947647959,4.333115052141982,1.588604367661589,0
2021091600,3972,37090,Nate Solder,T,39998,33,6.733680281027513,6.515763439141338,2.671353082674349,0
2021091600,3972,46090,Billy Price,C,46082,9,8.274603925087249,7.821866425993143,4.845520347399393,0
2021091600,3972,46103,Will Hernandez,G,47956,19,4.122069703655313,5.467329664964841,2.688770119761573,0
2021091600,3972,52412,Andrew Thomas,T,52410,22,3.6366399097499196,4.984745579744492,2.6412950429642996,0
2021091600,3972,52551,Ben Bredeson,G,46082,9,8.274603925087249,7.821866425993143,4.845520347399393,0
2021091600,4254,41475,Charles Leno,T,46135,21,3.2745167221747287,4.16292431559861,1.5712294582598467,0
2021091600,4254,42348,Brandon Scherff,G,53479,21,3.087796077342718,3.794700090847261,2.8177571293599963,0
2021091600,4254,42352,Ereck Flowers,G,42349,13,6.033986875113432,6.750290780765559,3.8153559532606742,0
2021091600,4254,45012,Chase Roullier,C,42349,13,6.033986875113432,6.750290780765559,3.8153559532606742,0
2021091600,4254,53480,Samuel Cosmi,T,53479,21,3.087796077342718,3.794700090847261,2.8177571293599963,0
2021091600,4278,41475,Charles Leno,T,46135,31,3.0641522341934633,3.6814632445737785,1.369192285833627,0
2021091600,4278,42348,Brandon Scherff,G,47800,30,9.908812043873237,6.9360343899935994,0.7843398771935693,0
2021091600,4278,42352,Ereck Flowers,G,42349,21,6.748237210824166,7.090364627324234,3.7309498584089256,0
2021091600,4278,45012,Chase Roullier,C,47800,30,9.908812043873237,6.9360343899935994,0.7843398771935693,0
2021091600,4278,53480,Samuel Cosmi,T,53479,31,5.781531173696064,5.649889786958673,1.8868705574696043,0
2021091600,4431,41475,Charles Leno,T,46135,22,2.3229167111676317,2.7807252844233163,1.093067977023645,0
2021091600,4431,42348,Brandon Scherff,G,47800,22,5.175929139698491,5.956105637734903,2.888636084099365,0
2021091600,4431,42352,Ereck Flowers,G,42349,22,5.456580748246587,6.402497586823058,2.77953837948519,0
2021091600,4431,45012,Chase Roullier,C,47800,22,5.175929139698491,5.956105637734903,2.888636084099365,0
2021091600,4431,53480,Samuel Cosmi,T,53479,21,4.445387638661,4.997619195102938,2.75355369603944,0
2021091900,1459,41436,Matt Paradis,C,42553,27,5.928214876995614,6.2551424042517745,2.3435122660254235,0
2021091900,1459,42362,Cameron Erving,T,53457,42,4.623668514707667,5.078650982246481,0.8023148092733777,0
2021091900,1459,42424,John Miller,G,48544,27,5.373311372836055,5.594702700117534,1.5506582966446514,0
2021091900,1459,44820,Christian McCaffrey,RB,37097,31,2.4180058121901835,3.6281879646667856,0,0
2021091900,1459,44876,Taylor Moton,T,37097,31,2.4180058121901835,3.6281879646667856,0,1
2021091900,1459,47995,Dennis Daley,G,42553,27,5.928214876995614,6.2551424042517745,2.3435122660254235,0
2021091900,1558,41436,Matt Paradis,C,48544,15,10,9.265715021794602,6.677091405348446,0
2021091900,1558,42424,John Miller,G,42553,17,6.0494103394377206,6.775227131233571,2.3566641039713203,0
2021091900,1558,44876,Taylor Moton,T,37097,16,9.272110992853413,8.800444367551195,6.085031499004941,0
2021091900,1558,46170,Ian Thomas,TE,48537,7,9.80486278220514,9.530669486237748,8.692738022640514,0
2021091900,1558,47995,Dennis Daley,G,48544,15,10,9.265715021794602,6.677091405348446,0
2021091900,1886,41436,Matt Paradis,C,52665,23,3.970825377112011,4.770283808884049,2.628710534921941,0
2021091900,1886,42362,Cameron Erving,T,48537,23,4.771770873145863,5.60826100838066,2.634141436679109,0
2021091900,1886,44876,Taylor Moton,T,37097,23,3.0127922078626708,4.35675431908521,1.502942546343309,0
2021091900,1886,47995,Dennis Daley,G,48537,23,4.771770873145863,5.60826100838066,2.634141436679109,0
2021091900,2467,40023,Terron Armstead,T,47799,34,2.262075125955229,3.6355171395919443,0.6561980115833828,1
2021091900,2467,42356,Andrus Peat,G,43791,25,6.066802129284774,6.2658519350230115,1.797877400217035,0
2021091900,2467,44844,Ryan Ramczyk,T,44825,30,4.435594267858284,4.629066925508231,1.3518056396994669,0
2021091900,2467,52432,Cesar Ruiz,G,52415,27,7.0723564458216375,7.225707042154604,2.5625076615893123,0
2021091900,2467,52666,Calvin Throckmorton,T,52415,27,7.0723564458216375,7.225707042154604,2.5625076615893123,0
2021091901,384,38553,Riley Reiff,T,41231,19,2.6272262869191176,4.134395130427465,1.8898099197751783,0
2021091901,384,41262,Xavier Su'a-Filo,G,38619,19,6.082615347098868,6.3832025427626435,3.4937263987139593,0
2021091901,384,41619,Trey Hopkins,C,38619,19,6.082615347098868,6.3832025427626435,3.4937263987139593,0
2021091901,384,43045,Quinton Spain,G,46214,19,3.890425894781006,4.277975363014639,2.6731447984157506,0
2021091901,384,47794,Jonah Williams,T,37087,19,2.8428557975690096,3.612705720379632,2.239754437122574,0
2021091901,2240,38553,Riley Reiff,T,42443,11,2.4040036259382034,3.590859926628055,1.6150766543612791,0
2021091901,2240,41262,Xavier Su'a-Filo,G,42443,11,2.4040036259382034,3.590859926628055,1.6150766543612791,0
2021091901,2240,41619,Trey Hopkins,C,40001,12,1.1851041118120347,2.309093760480306,0.473833694463928,0
2021091901,2240,43045,Quinton Spain,G,40001,12,1.1851041118120347,2.309093760480306,0.473833694463928,0
2021091901,2240,43495,Mike Thomas,WR,41279,18,2.2003469675755936,3.778725430611602,1.3832430497452657,0
2021091901,2240,47794,Jonah Williams,T,37087,24,3.89168865139206,5.384933163416732,2.0340053614160793,1
2021091901,2240,47835,Drew Sample,TE,41279,18,2.2003469675755936,3.778725430611602,1.3832430497452657,0
2021091901,3564,38553,Riley Reiff,T,41279,28,3.2143504763667248,4.130652140002816,1.3754167656037042,0
2021091901,3564,41262,Xavier Su'a-Filo,G,42443,21,4.595656457076992,5.691625666579,1.1469217241667031,0
2021091901,3564,43045,Quinton Spain,G,53679,27,5.931615622579507,6.259773747585735,1.8053355315648276,0
2021091901,3564,47794,Jonah Williams,T,37087,28,6.6120736691665485,6.758301901318401,1.84504823107761,0
2021091901,3811,43320,Germain Ifedi,T,46146,22,4.513614250628699,5.445728581489479,3.4253258821791888,0
2021091901,3811,43345,Cody Whitehair,G,44915,10,10,9.387280552960563,5.618194900088703,0
2021091901,3811,46108,James Daniels,G,44877,15,10,9.303433633268062,5.606336689213515,0
2021091901,3811,48159,Sam Mustipher,C,43455,18,10,7.542908915349516,1.9710161338023413,0
2021091902,479,37213,Marcus Cannon,T,38667,19,8.544601827459376,8.753628819163065,7.007650029291524,0
2021091902,479,41293,Justin Britt,C,44847,19,10,7.990622560943085,2.512214569114145,0
2021091902,479,43302,Laremy Tunsil,T,44813,20,2.2854750398563497,3.80868214189752,1.627766630891923,0
2021091902,479,47806,Tytus Howard,T,44847,19,10,7.990622560943085,2.512214569114145,0
2021091902,479,47838,Max Scharping,G,38667,19,8.544601827459376,8.753628819163065,7.007650029291524,0
2021091902,1210,37213,Marcus Cannon,T,44838,21,2.64744972608922,3.954801959706107,1.4797745570455534,0
2021091902,1210,41293,Justin Britt,C,38667,20,6.497987619371986,7.025444314933519,3.6721441961199823,0
2021091902,1210,43302,Laremy Tunsil,T,52496,4,10,10,10,0
2021091902,1210,47806,Tytus Howard,T,52496,4,10,10,10,0
2021091902,1210,47838,Max Scharping,G,38667,20,6.497987619371986,7.025444314933519,3.6721441961199823,0
2021091903,522,39947,Eric Fisher,T,47844,50,2.485149395215746,1.7352840085642967,0,1
2021091903,522,42477,Mark Glowinski,G,47917,47,1.207938507455296,2.3129518621496277,0,0
2021091903,522,43307,Ryan Kelly,C,52846,41,2.216935621291206,2.8338485297264393,0,1
2021091903,522,44943,Julien Davenport,T,43335,41,0.47070860524699926,3.01053105651125,0,1
2021091903,522,46075,Quenton Nelson,G,52492,31,2.5237366532274934,3.375506370243253,1.834310797127834,0
2021091903,1426,42477,Mark Glowinski,G,43298,30,4.0434937021907285,4.315779976290715,1.840121055545356,0
2021091903,1426,43307,Ryan Kelly,C,46264,30,3.9555858767329344,4.838540712120074,0.6708563384717503,0
2021091903,1426,44943,Julien Davenport,T,47939,40,3.5633735423091197,5.177985790651785,0.9892525854976454,1
2021091903,1426,46075,Quenton Nelson,G,47939,40,3.5633735423091197,5.177985790651785,0.9892525854976454,0
2021091903,1426,46275,Matt Pryor,T,43298,30,4.0434937021907285,4.315779976290715,1.840121055545356,0
2021091903,2449,39947,Eric Fisher,T,52492,3,10,10,10,0
2021091903,2449,42477,Mark Glowinski,G,47917,6,6.207297388207227,6.889403143867551,4.329603836772216,0
2021091903,2449,43307,Ryan Kelly,C,47917,6,6.207297388207227,6.889403143867551,4.329603836772216,0
2021091903,2449,44792,Mo Alie-Cox,TE,52846,16,10,9.029664834437757,6.126877335753913,0
2021091903,2449,44943,Julien Davenport,T,43335,12,4.323507948911498,5.42871316809213,1.9019184383742989,0
2021091903,2449,46075,Quenton Nelson,G,46264,8,10,10,10,0
2021091903,3142,30869,Andrew Whitworth,T,53450,12,6.044233272021648,6.9603309668432995,3.907918836659053,0
2021091903,3142,42400,Rob Havenstein,T,43296,5,10,10,10,0
2021091903,3142,43399,Tyler Higbee,TE,46133,3,10,10,10,0
2021091903,3142,46102,Austin Corbett,G,44957,3,9.674419752077394,9.587975646087234,9.089507186184305,0
2021091903,3142,46180,Brian Allen,C,44957,3,9.674419752077394,9.587975646087234,9.089507186184305,0
2021091903,3142,47952,David Edwards,G,53450,12,6.044233272021648,6.9603309668432995,3.907918836659053,0
2021091904,348,41322,Brandon Linder,G,41464,19,5.499243386855659,5.911630798131397,1.8775923483035932,0
2021091904,348,41939,Andrew Norwell,G,41464,19,5.499243386855659,5.911630798131397,1.8775923483035932,0
2021091904,348,42410,A.J. Cann,G,47854,23,3.73032898706502,5.098793792118631,1.922860701479849,0
2021091904,348,44846,Cam Robinson,T,48089,27,2.4946660345431138,3.289981982649233,1.344342919390954,0
2021091904,348,47818,Jawaan Taylor,T,37075,27,2.042060880108832,2.7387058771787083,0.39629588632549456,1
2021091904,1448,38642,Bobby Massie,T,43333,33,6.965704749527562,6.969338226672168,1.417822559646928,0
2021091904,1448,44832,Garett Bolles,T,52481,38,5.571544924558841,6.548833776072059,2.8260790660936372,0
2021091904,1448,47824,Dalton Risner,G,52481,38,5.571544924558841,6.548833776072059,2.8260790660936372,0
2021091904,1448,52491,Lloyd Cushenberry,C,43352,28,8.733590517712598,7.70369618079033,2.5334496748382036,0
2021091904,1448,52589,Netane Muti,G,43352,28,8.733590517712598,7.70369618079033,2.5334496748382036,0
2021091905,378,42392,Mitch Morse,C,45274,11,8.608745876012197,8.200905108977604,5.697025330328033,0
2021091905,378,42445,Daryl Williams,T,43321,18,10,8.732585799049383,6.321231311930576,0
2021091905,378,42471,Jon Feliciano,G,45274,11,8.608745876012197,8.200905108977604,5.697025330328033,0
2021091905,378,44875,Dion Dawkins,T,47934,19,4.961895025398831,6.227851384004928,3.954607785928155,0
2021091905,378,47821,Cody Ford,G,47796,19,9.993117710341773,7.522877015699451,2.2993315154070166,0
2021091905,427,42392,Mitch Morse,C,45274,41,5.53973780803781,6.119531133859539,1.9850065859294488,0
2021091905,427,42445,Daryl Williams,T,43321,41,4.317513700773773,5.151569008668411,0.5819099235414406,0
2021091905,427,42471,Jon Feliciano,G,47796,24,4.411427498542782,5.632189885699678,2.7829315542465114,0
2021091905,427,44875,Dion Dawkins,T,47934,30,6.823994244785979,6.3227342355369185,2.5263328188174055,0
2021091905,427,47821,Cody Ford,G,45274,41,5.53973780803781,6.119531133859539,1.9850065859294488,0
2021091905,1054,42924,Jesse Davis,T,52462,30,3.0353152546533253,4.4398639232509884,0.911814377315371,0
2021091905,1054,47861,Michael Deiter,C,47792,23,5.148565045523471,5.5283960951369115,1.754398340783741,0
2021091905,1054,52426,Austin Jackson,T,35470,22,3.2267654488351827,4.708247231231192,2.2831914185693174,0
2021091905,1054,52447,Robert Hunt,G,37841,33,5.929552623589211,5.351243730785424,1.1571795986619138,0
2021091905,1054,52519,Solomon Kindley,G,47792,23,5.148565045523471,5.5283960951369115,1.754398340783741,0
2021091905,2261,42392,Mitch Morse,C,46307,23,8.975445280875709,6.0612356509834315,0.5229230597862424,0
2021091905,2261,42445,Daryl Williams,T,43321,35,7.170452566520048,5.935398457685097,0.7872872576948006,0
2021091905,2261,42471,Jon Feliciano,G,47934,28,3.821592078282876,5.240627814406909,1.461913467766523,0
2021091905,2261,44875,Dion Dawkins,T,47934,28,3.821592078282876,5.240627814406909,1.461913467766523,0
2021091905,2261,47821,Cody Ford,G,45274,19,4.979888679032036,6.305402892173549,3.2991093941507144,1
2021091905,2690,47861,Michael Deiter,C,39960,15,10,6.960230631998734,1.279764260022103,0
2021091905,2690,52426,Austin Jackson,T,35470,20,9.752140605725334,7.736944946191166,2.794112314428066,0
2021091905,2690,52447,Robert Hunt,G,47792,20,8.181984865383662,6.621077375347796,2.088076035633513,0
2021091905,2690,52519,Solomon Kindley,G,39960,15,10,6.960230631998734,1.279764260022103,0
2021091905,2690,53471,Liam Eichenberg,T,53459,19,3.566661230949336,5.117319518975926,1.1675489129915315,0
2021091905,3122,47861,Michael Deiter,C,43638,17,4.868741562813634,5.7162234950616,0.8560658311009435,0
2021091905,3122,52426,Austin Jackson,T,37841,27,5.4542203529194095,5.67225477243664,1.775454944332887,0
2021091905,3122,52447,Robert Hunt,G,47792,25,6.201019269694535,5.7440183880950535,1.3728329083507214,0
2021091905,3122,52519,Solomon Kindley,G,43638,17,4.868741562813634,5.7162234950616,0.8560658311009435,0
2021091905,3122,53471,Liam Eichenberg,T,35470,27,5.613550065112971,5.500957917308774,1.6344606168699942,0
2021091906,179,42474,Shaquille Mason,G,43301,22,6.2909050943159315,6.342058686327093,2.4329058759953024,0
2021091906,179,42883,David Andrews,C,43301,22,6.2909050943159315,6.342058686327093,2.4329058759953024,0
2021091906,179,46092,Isaiah Wynn,T,43308,18,3.1772050091862942,5.318664507061498,1.3426170147819323,0
2021091906,179,52590,Michael Onwenu,G,46141,12,1.6260525449372818,3.201701683739024,1.008056987726958,0
2021091906,179,52783,Yasir Durant,G,48247,16,3.4080736088189276,4.844567341382187,1.8434757872233536,0
2021091906,2876,39684,Greg Van Roten,G,44944,17,7.9843945426204925,7.968900837981928,5.2960650469720765,0
2021091906,2876,41295,Morgan Moses,T,44944,17,7.9843945426204925,7.968900837981928,5.2960650469720765,0
2021091906,2876,43433,Connor McGovern,C,53467,16,1.2020026990579635,2.3831024085802466,0.586546667095631,0
2021091906,2876,43586,George Fant,T,43435,22,6.25685514203088,6.662343209087953,2.8648922939366783,0
2021091906,2876,53443,Alijah Vera-Tucker,G,53467,16,1.2020026990579635,2.3831024085802466,0.586546667095631,1
2021091907,418,37266,Jason Kelce,C,45011,23,6.976991196702213,6.916600838828558,2.757751503387201,0
2021091907,418,38606,Brandon Brooks,G,45011,23,6.976991196702213,6.916600838828558,2.757751503387201,0
2021091907,418,39950,Lane Johnson,T,46156,25,3.934908559310037,4.881420271022581,2.8516975979409693,0
2021091907,418,43368,Isaac Seumalo,G,52422,23,5.924787838810758,6.574306814977041,2.8568076339065396,0
2021091907,418,46302,Jordan Mailata,T,44938,25,2.224235821293182,3.6245444767763217,0.769909462798246,0
2021091907,567,37266,Jason Kelce,C,48123,24,7.243484186632948,7.53434776195781,4.976895822230519,0
2021091907,567,38606,Brandon Brooks,G,46139,22,6.159524675628354,6.261411689091122,2.9196270334527763,0
2021091907,567,39950,Lane Johnson,T,41249,29,4.77630178956064,5.235566542901209,1.6312844194414784,0
2021091907,567,43368,Isaac Seumalo,G,48123,24,7.243484186632948,7.53434776195781,4.976895822230519,0
2021091907,567,46302,Jordan Mailata,T,47785,31,3.3729116609890095,3.9105568379260314,0.6933314699260038,0
2021091907,821,37266,Jason Kelce,C,45011,23,4.766079221713329,5.7212404459258215,1.9857296443488708,0
2021091907,821,38606,Brandon Brooks,G,45011,23,4.766079221713329,5.7212404459258215,1.9857296443488708,0
2021091907,821,39950,Lane Johnson,T,42360,23,3.481155727489736,4.519463064223219,0.9285484159086193,0
2021091907,821,43368,Isaac Seumalo,G,52422,23,4.0312769614288495,4.637071133927511,2.85610947471977,0
2021091907,821,46302,Jordan Mailata,T,47785,23,2.991329940117343,4.074434876087681,2.1100502365503706,0
2021091907,1348,34472,Alex Mack,C,38542,17,5.402865464955347,5.593693651167638,1.2768531741968587,0
2021091907,1348,35443,Trent Williams,T,35452,14,2.778268501666555,4.79430742654618,1.622453227360472,0
2021091907,1348,42371,Laken Tomlinson,G,43378,9,3.1509251630864497,4.723778320581629,2.6028270469769845,0
2021091907,1348,45069,Daniel Brunskill,G,38542,17,5.402865464955347,5.593693651167638,1.2768531741968587,0
2021091907,1348,46078,Mike McGlinchey,T,44826,29,9.262878821669274,6.376153598521833,1.4593350933488043,0
2021091907,2731,34472,Alex Mack,C,43405,18,8.287031039363365,8.376677314468873,6.057403816763826,0
2021091907,2731,35443,Trent Williams,T,53620,11,10,9.561320360802956,7.822685418851941,0
2021091907,2731,42371,Laken Tomlinson,G,43405,18,8.287031039363365,8.376677314468873,6.057403816763826,0
2021091907,2731,45069,Daniel Brunskill,G,53502,18,4.508854806580725,4.347779378252152,1.4827610924438102,0
2021091907,2731,46078,Mike McGlinchey,T,46199,17,2.379340115304112,3.7300508498049485,1.998292723009188,0
2021091908,473,41321,Trai Turner,G,43358,26,6.188116854525157,6.504772489536084,3.686639802304016,0
2021091908,473,46161,Chukwuma Okorafor,T,43358,26,6.188116854525157,6.504772489536084,3.686639802304016,0
2021091908,473,52543,Kevin Dotson,G,43436,25,4.281363571389796,5.326516835995511,2.2766731632127875,0
2021091908,473,53516,Kendrick Green,C,39997,34,5.7811057541164805,5.462778819445871,1.1769681692174834,0
2021091908,473,53557,Dan Moore,T,47889,33,1.9724238213843008,3.293058287538365,0.6895422159789426,0
2021091908,2593,41321,Trai Turner,G,43354,26,2.5445551737361467,3.9358239317232737,1.8639212530895812,0
2021091908,2593,46161,Chukwuma Okorafor,T,47889,20,5.017928020442882,6.338306492057226,3.890328364926325,0
2021091908,2593,52543,Kevin Dotson,G,43436,19,10,8.948242004765376,4.461604270501432,0
2021091908,2593,53516,Kendrick Green,C,39997,26,3.942036329938701,4.452186739832467,2.937743951729672,0
2021091908,2593,53557,Dan Moore,T,43436,19,10,8.948242004765376,4.461604270501432,0
2021091908,3134,44972,Jermaine Eluemunor,G,53585,15,10,9.027808425984702,5.966150572767913,0
2021091908,3134,46084,Kolton Miller,T,38548,24,3.715474625913627,4.756311999260678,2.8925003842584376,0
2021091908,3134,46134,Brandon Parker,T,52971,25,2.965058553718122,4.426882367958823,1.2353959749786945,0
2021091908,3134,48235,Andre James,C,53585,15,10,9.027808425984702,5.966150572767913,0
2021091908,3134,52517,John Simpson,G,37104,26,6.0024747369208145,6.1912996703045495,1.332564408445052,0
2021091909,386,43640,Rashod Hill,T,38551,28,3.0241454044768212,3.1070922859612935,0.31067963215581423,1
2021091909,386,46131,Brian O'Neill,T,52416,27,2.8597178393388054,4.043195019216846,1.9564018143769004,0
2021091909,386,47801,Garrett Bradbury,C,52539,27,4.325802416622698,5.44378390637283,2.8427470891354862,0
2021091909,386,47976,Olisaemeka Udoh,T,37084,28,3.025435291911415,3.5018940335797044,1.5154810477856802,0
2021091909,386,52466,Ezra Cleveland,G,47848,25,3.89596964846025,5.259140517301335,2.410972707165923,0
2021091909,1243,43640,Rashod Hill,T,47848,24,5.402717339020356,6.146109221602376,2.303713076800507,0
2021091909,1243,46131,Brian O'Neill,T,42401,21,6.917591410190389,6.064034442592453,1.404770736278003,0
2021091909,1243,47801,Garrett Bradbury,C,52522,12,3.617646948616179,5.302334471658382,2.2588001213222677,0
2021091909,1243,47976,Olisaemeka Udoh,T,37084,1,10,10,10,0
2021091909,1243,52466,Ezra Cleveland,G,52522,12,3.617646948616179,5.302334471658382,2.2588001213222677,0
2021091909,1243,52725,Ben Ellefson,TE,38551,23,1.9287105463422964,4.060608977523884,0.4587285046000439,0
2021091909,3719,37130,Rodney Hudson,C,39959,28,5.409611222052391,6.34155498946817,3.759668433000992,0
2021091909,3719,39965,Justin Pugh,G,43516,22,5.87684252713715,6.99043703594578,3.9776600578442416,0
2021091909,3719,42367,D.J. Humphries,T,43516,22,5.87684252713715,6.99043703594578,3.9776600578442416,0
2021091909,3719,43648,Justin Murray,T,42431,27,2.450391331050737,4.395801540411898,0.9540930863574124,0
2021091909,3719,46203,Chase Edmonds,RB,39959,28,5.409611222052391,6.34155498946817,3.759668433000992,0
2021091909,3719,52480,Josh Jones,G,39959,28,5.409611222052391,6.34155498946817,3.759668433000992,0
2021091910,473,40151,Ryan Jensen,C,42480,4,5.235735703830695,5.262302010074951,4.249017647874836,0
2021091910,473,42377,Donovan Smith,T,42346,9,4.5413881502523905,5.7605685072484265,3.379683345675152,0
2021091910,473,52421,Tristan Wirfs,T,46416,10,2.524221295029472,4.058683150385337,1.3853001304852044,0
2021091910,1384,40151,Ryan Jensen,C,42497,13,10,9.330265959603587,4.808338367576155,0
2021091910,1384,42377,Donovan Smith,T,42480,9,10,10,10,0
2021091910,1384,46163,Alex Cappa,G,42497,13,10,9.330265959603587,4.808338367576155,0
2021091910,1384,52421,Tristan Wirfs,T,46416,20,3.5794521042194543,4.767390941945885,2.3192780966934103,0
2021091910,2033,41232,Jake Matthews,T,35454,22,2.6310292649252505,4.067464739179937,1.1501237722457625,0
2021091910,2033,47797,Chris Lindstrom,G,35441,19,4.238142764384931,5.197122149474389,1.097547694158988,0
2021091910,2033,47814,Kaleb McGary,T,41915,22,1.3111179444509633,1.5392649040817938,0,0
2021091910,2033,52486,Matt Hennessy,C,35441,19,4.238142764384931,5.197122149474389,1.097547694158988,0
2021091910,2033,53497,Jalen Mayfield,G,46081,22,2.959266627945753,3.8611407573135668,0.4200014563079376,1
2021091910,2335,40151,Ryan Jensen,C,42497,10,10,8.677539715086233,5.938583713785271,0
2021091910,2335,42377,Donovan Smith,T,43361,8,9.927113053554635,8.475520728252324,5.0270945996927,0
2021091910,2335,42404,Ali Marpet,G,42497,10,10,8.677539715086233,5.938583713785271,0
2021091910,2335,46163,Alex Cappa,G,42480,22,9.807860897805876,8.39863808071487,2.4799975120865283,0
2021091910,2335,52421,Tristan Wirfs,T,42480,22,9.807860897805876,8.39863808071487,2.4799975120865283,0
2021091910,2683,41232,Jake Matthews,T,35454,33,6.646061011878876,5.940160688011043,1.9548318740322452,0
2021091910,2683,47797,Chris Lindstrom,G,35441,25,10,8.37528735218196,4.675719715832605,0
2021091910,2683,47814,Kaleb McGary,T,47890,33,2.139126953305215,3.23741132364712,0.5899795923963507,0
2021091910,2683,52486,Matt Hennessy,C,46081,33,3.652543062182173,4.312307836465557,1.6766238848525372,0
2021091910,2683,53497,Jalen Mayfield,G,46081,33,3.652543062182173,4.312307836465557,1.6766238848525372,0
2021091910,3775,41232,Jake Matthews,T,46081,16,5.951100741449465,6.758568572138948,3.442835927788791,0
2021091910,3775,47797,Chris Lindstrom,G,47788,20,3.539325667096814,4.000788210722293,1.687720104984968,0
2021091910,3775,47814,Kaleb McGary,T,35441,20,7.026268897619662,7.181078332101747,5.331338235834391,0
2021091910,3775,52486,Matt Hennessy,C,38588,20,2.5905680300434457,3.9432518681280553,2.039893268665086,0
2021091910,3775,53497,Jalen Mayfield,G,46081,16,5.951100741449465,6.758568572138948,3.442835927788791,0
2021091911,1998,40089,Oday Aboushi,G,41363,7,6.915413502792087,7.526624387121663,5.240001387785776,0
2021091911,1998,41390,Corey Linsley,C,41363,7,6.915413502792087,7.526624387121663,5.240001387785776,0
2021091911,1998,41959,Matt Feiler,G,53621,17,10,7.778342704479684,3.724810748884366,0
2021091911,1998,45630,Storm Norton,T,44892,32,10,7.053244337384222,1.875549143054792,0
2021091911,1998,53442,Rashawn Slater,T,52587,32,3.434900888006933,3.6020200096596695,0.5731602678109531,1
2021091911,2468,40089,Oday Aboushi,G,41363,16,4.081701240720809,5.200950184822798,0.8146653977588313,0
2021091911,2468,41390,Corey Linsley,C,53621,9,10,8.7679457224237,4.871749921462247,0
2021091911,2468,41959,Matt Feiler,G,53621,9,10,8.7679457224237,4.871749921462247,0
2021091911,2468,45630,Storm Norton,T,44892,8,3.3897718851352994,4.968663801829796,1.741401770573822,0
2021091911,2468,53442,Rashawn Slater,T,52587,6,6.9526729084037555,6.9858175003702225,3.6491866828305137,0
2021091911,2890,40089,Oday Aboushi,G,41363,20,5.491469520835928,6.565791779046454,3.1310506587281455,0
2021091911,2890,41390,Corey Linsley,C,44955,21,10,7.0014593277584964,2.549184176591723,0
2021091911,2890,41959,Matt Feiler,G,44955,21,10,7.0014593277584964,2.549184176591723,0
2021091911,2890,45630,Storm Norton,T,44892,26,5.650246679237814,5.678272736758909,0.754813198511598,0
2021091911,2890,53442,Rashawn Slater,T,52587,25,9.52487647543954,9.009017436427916,6.479265427200023,0
2021091911,3530,40089,Oday Aboushi,G,53504,25,6.908643184426725,6.356707266350744,1.5849903088622856,0
2021091911,3530,41959,Matt Feiler,G,44955,17,8.758704803916176,8.481589741558237,5.800578697764332,0
2021091911,3530,45630,Storm Norton,T,44892,26,3.485747511826542,4.248941144883634,1.267505035796798,0
2021091911,3530,53442,Rashawn Slater,T,44955,17,8.758704803916176,8.481589741558237,5.800578697764332,0
2021091912,841,33107,Duane Brown,T,46110,19,9.70648519670698,8.414837932187098,5.162684011340062,0
2021091912,841,41310,Gabe Jackson,G,53073,18,3.485689770592428,5.115327381757133,2.786239539673023,0
2021091912,841,43447,Brandon Shell,T,42031,19,10,9.24152970375133,6.401260123857393,0
2021091912,841,46237,Jamarco Jones,T,47802,19,10,9.143677102230297,5.972601025217899,0
2021091912,2537,41310,Gabe Jackson,G,53073,16,10,9.950406008600272,9.404932347268364,0
2021091912,2537,43447,Brandon Shell,T,46110,16,8.476796701130267,7.584462657265407,4.112260995722659,0
2021091912,2537,45056,Kyle Fuller,G,47971,25,2.5739214837507896,4.270864878153425,1.110444617860724,0
2021091912,2537,45062,Chris Carson,RB,47971,25,2.5739214837507896,4.270864878153425,1.110444617860724,0
2021091912,2537,52477,Damien Lewis,G,47802,26,8.739437940482826,7.437464569230993,2.729255610855332,0
2021091912,3158,38629,Ben Jones,C,35562,9,10,8.190155880180129,3.860061976611703,0
2021091912,3158,42402,Ty Sambrailo,T,46487,8,10,9.949147774099261,9.593182192794092,0
2021091912,3158,42589,Geoff Swaim,TE,46148,18,10,7.320133472634081,1.5373766534670823,0
2021091912,3158,43334,Derrick Henry,RB,44818,21,1.6007416170004098,2.010052420431933,0.7662207345597097,0
2021091912,3158,47865,Nate Davis,G,41786,6,5.553584762734035,6.440248290945043,3.7468522991746407,0
2021091912,3158,53063,Aaron Brewer,C,46487,8,10,9.949147774099261,9.593182192794092,0
2021091912,4126,33107,Duane Brown,T,42365,21,10,6.909567411444504,2.2940984812624547,0
2021091912,4126,41310,Gabe Jackson,G,47802,14,8.20876126263394,7.626258527374993,4.140951378970665,0
2021091912,4126,43447,Brandon Shell,T,46110,14,4.414889739764141,5.66913749483585,2.353796097387216,0
2021091912,4126,45056,Kyle Fuller,G,47802,14,8.20876126263394,7.626258527374993,4.140951378970665,0
2021091912,4126,52477,Damien Lewis,G,42365,21,10,6.909567411444504,2.2940984812624547,0
2021091913,579,38557,Kevin Zeitler,G,47867,15,10,9.589631089845662,7.671582558954128,0
2021091913,579,41222,Alejandro Villanueva,T,53487,28,8.32482595442004,6.27834192968393,1.215537343650086,0
2021091913,579,45268,Patrick Ricard,FB,40051,13,5.684492089886333,6.392466814858065,2.952123852984557,0
2021091913,579,46284,Bradley Bozeman,C,46144,16,10,7.554053740269869,2.683841101911785,0
2021091913,579,48220,Patrick Mekari,G,47867,15,10,9.589631089845662,7.671582558954128,0
2021091913,579,53523,Ben Cleveland,G,42406,23,7.773669138037047,7.20174767600242,2.3153256590038307,0
2021091913,1477,38557,Kevin Zeitler,G,43338,25,4.51224147970849,5.186716457381969,1.3226593113939338,0
2021091913,1477,41222,Alejandro Villanueva,T,42406,30,10,6.627386585636896,1.134078968480229,0
2021091913,1477,46284,Bradley Bozeman,C,46144,27,2.75192548902201,4.667394923277176,1.1408423844385882,0
2021091913,1477,47906,Ben Powers,G,46144,27,2.75192548902201,4.667394923277176,1.1408423844385882,0
2021091913,1477,48220,Patrick Mekari,G,43326,23,3.0035088668218597,4.855245754116429,1.1419851751283394,0
2021091913,1802,38557,Kevin Zeitler,G,52792,21,2.839624378849391,4.084850814305861,1.269465298964248,0
2021091913,1802,41222,Alejandro Villanueva,T,42406,20,5.514351925204018,6.4476457714931,2.805740306872168,0
2021091913,1802,46284,Bradley Bozeman,C,43326,21,6.820454083926948,6.704547124601637,2.798313036431429,0
2021091913,1802,47906,Ben Powers,G,43326,21,6.820454083926948,6.704547124601637,2.798313036431429,0
2021091913,1802,48220,Patrick Mekari,G,52585,21,4.291045955149123,5.697440992539438,3.1785374934564814,0
2021092000,750,43453,Halapoulivaati Vaitai,G,43316,23,10,9.914737234901114,9.018625398284192,0
2021092000,750,46089,Frank Ragnow,C,47933,21,10,8.25390137504417,2.710013650962573,0
2021092000,750,48455,Matt Nelson,T,52979,30,10,7.269415896789411,1.0173314192002934,0
2021092000,750,52483,Jonah Jackson,G,47933,21,10,8.25390137504417,2.710013650962573,0
2021092000,750,53436,Penei Sewell,T,52650,29,5.095558907815837,6.227802275778891,2.827034669473692,0
2021092000,2437,30842,Marcedes Lewis,TE,43775,37,2.817720232024617,3.5862195523963143,0.471130185034117,0
2021092000,2437,41296,Billy Turner,T,53470,27,4.990228827501834,6.081995625342637,1.5514747445584132,0
2021092000,2437,47827,Elgton Jenkins,G,42444,35,5.079072164918104,5.756439423723254,0.7770283197379554,0
2021092000,2437,52600,Jon Runyan,G,53501,22,5.0686638186004895,6.320758862949368,3.3337583203686574,0
2021092000,2437,53491,Josh Myers,C,53501,22,5.0686638186004895,6.320758862949368,3.3337583203686574,0
2021092000,2437,53571,Royce Newman,T,53470,27,4.990228827501834,6.081995625342637,1.5514747445584132,0
2021092000,3030,43453,Halapoulivaati Vaitai,G,43426,14,8.122907858711649,7.8794804986678315,5.087938445614478,0
2021092000,3030,46089,Frank Ragnow,C,43426,14,8.122907858711649,7.8794804986678315,5.087938445614478,0
2021092000,3030,48455,Matt Nelson,T,43404,23,3.547624574336832,3.818103712956917,2.7674491608264997,0
2021092000,3030,52483,Jonah Jackson,G,43316,18,5.955544542447763,6.702333273156488,3.5845166824758787,0
2021092000,3030,53436,Penei Sewell,T,43316,18,5.955544542447763,6.702333273156488,3.5845166824758787,0
2021092000,3365,43453,Halapoulivaati Vaitai,G,47933,19,4.058318422092794,5.294931510053416,1.8873051730952488,0
2021092000,3365,46089,Frank Ragnow,C,43316,27,3.9728953343969096,5.288726952126699,1.6067820507692192,0
2021092000,3365,48455,Matt Nelson,T,47795,27,2.3606344035881226,3.9179149671737474,0.5201138345132434,1
2021092000,3365,52483,Jonah Jackson,G,43316,27,3.9728953343969096,5.288726952126699,1.6067820507692192,0
2021092000,3365,53436,Penei Sewell,T,42381,27,3.122463175684606,4.1861750889165386,2.3893569122164195,0
2021092000,3575,43453,Halapoulivaati Vaitai,G,43316,25,3.2780374103555423,4.001431692907337,2.125264701807551,0
2021092000,3575,46089,Frank Ragnow,C,43316,25,3.2780374103555423,4.001431692907337,2.125264701807551,0
2021092000,3575,48455,Matt Nelson,T,47795,25,2.25544315456893,3.64852795145671,0.8870953562465704,0
2021092000,3575,52483,Jonah Jackson,G,43426,25,3.4850414203383626,3.8948559335906223,1.7271532122297897,0
2021092000,3575,53436,Penei Sewell,T,42381,25,2.758832286427648,4.1686839937849465,2.395410358504894,0
2021092300,1595,41436,Matt Paradis,C,52448,27,4.537029269484461,5.269448167234147,0.3679304874780407,1
2021092300,1595,42362,Cameron Erving,T,47944,22,5.4662602729669825,5.921426502230367,2.2225321224673684,0
2021092300,1595,42424,John Miller,G,44922,21,6.133932416669955,6.723810955763931,2.490376580911726,0
2021092300,1595,44876,Taylor Moton,T,38556,28,2.3919887524355556,3.580348446607835,0.9302076843315312,1
2021092300,1595,47995,Dennis Daley,G,47944,22,5.4662602729669825,5.921426502230367,2.2225321224673684,0
2021092300,2015,37213,Marcus Cannon,T,52415,6,4.85310074940288,5.54401702872133,3.392572263370185,0
2021092300,2015,41293,Justin Britt,C,41341,15,4.803379391823679,5.304478002173512,1.5629204838604265,0
2021092300,2015,43302,Laremy Tunsil,T,47799,9,7.237986271310867,7.553956584822037,4.333622886006626,0
2021092300,2015,45339,Pharaoh Brown,TE,43791,12,7.740593898984135,7.895819993855591,5.3910243450622,0
2021092300,2015,47806,Tytus Howard,T,44825,18,10,9.377632366474232,7.001398872662653,0
2021092300,2015,47838,Max Scharping,G,52415,6,4.85310074940288,5.54401702872133,3.392572263370185,0
2021092300,2266,37213,Marcus Cannon,T,52415,17,4.555041600381863,5.039251063808247,1.1985710849184636,0
2021092300,2266,41293,Justin Britt,C,41341,13,8.763496087660537,7.484918996186886,3.0720093127089623,0
2021092300,2266,43302,Laremy Tunsil,T,46205,22,8.117736103815163,6.778809985594459,2.0877299797430613,0
2021092300,2266,45321,Antony Auclair,TE,46527,15,10,9.710892834780264,7.829614133662424,0
2021092300,2266,45339,Pharaoh Brown,TE,46527,15,10,9.710892834780264,7.829614133662424,0
2021092300,2266,47806,Tytus Howard,T,41341,13,8.763496087660537,7.484918996186886,3.0720093127089623,0
2021092300,2266,47838,Max Scharping,G,52415,17,4.555041600381863,5.039251063808247,1.1985710849184636,0
2021092300,3716,37213,Marcus Cannon,T,44825,24,3.1303036279451497,4.684015919751329,1.2487434026382846,0
2021092300,3716,42429,David Johnson,RB,46230,26,2.2661143377148987,3.7397303756569107,1.4456188495448954,0
2021092300,3716,43302,Laremy Tunsil,T,47799,23,1.614336264446076,2.6165266618894467,0.6043684644258432,0
2021092300,3716,47806,Tytus Howard,T,52415,36,4.2910729299489105,4.971418093582969,1.1735872365983615,0
2021092300,3716,47838,Max Scharping,G,43791,25,9.289453098932992,6.861316720234401,1.6800817849063558,0
2021092600,125,42392,Mitch Morse,C,44829,33,3.2745720717909452,4.293718939338071,1.486296157115072,0
2021092600,125,42445,Daryl Williams,T,52410,34,5.539077723077116,6.485038320447816,2.3966972461825455,0
2021092600,125,42471,Jon Feliciano,G,44829,33,3.2745720717909452,4.293718939338071,1.486296157115072,0
2021092600,125,44875,Dion Dawkins,T,47809,29,4.0953249295538106,4.939680244821738,2.2889524092485156,0
2021092600,125,47821,Cody Ford,G,46082,30,3.697618108476312,4.199608527807158,0.43399286760447264,1
2021092600,223,42392,Mitch Morse,C,46232,22,10,9.681532379007344,8.563303622745742,0
2021092600,223,42445,Daryl Williams,T,44829,31,10,9.460319978466229,6.662044727959523,0
2021092600,223,42471,Jon Feliciano,G,47809,15,7.452613817968952,7.62217453899189,4.431481699255908,0
2021092600,223,44875,Dion Dawkins,T,52637,11,10,10,10,0
2021092600,223,47821,Cody Ford,G,46232,22,10,9.681532379007344,8.563303622745742,0
2021092600,258,42445,Daryl Williams,T,46232,45,6.315043534871871,6.309516912702113,2.1349621097736584,0
2021092600,258,42471,Jon Feliciano,G,46082,33,4.7752430203588245,5.124503026327108,1.6508112707189146,0
2021092600,258,44875,Dion Dawkins,T,52637,12,10,9.892791020553272,9.141886866659018,0
2021092600,258,47821,Cody Ford,G,46082,33,4.7752430203588245,5.124503026327108,1.6508112707189146,1
2021092600,1925,42392,Mitch Morse,C,46082,48,6.742476605555671,5.9577014244718915,0,0
2021092600,1925,42445,Daryl Williams,T,52410,27,2.722667582840721,3.9154623767681094,0,1
2021092600,1925,42471,Jon Feliciano,G,44829,18,3.8090794972761484,5.088452584369488,1.2850534205223831,0
2021092600,1925,44875,Dion Dawkins,T,47809,52,2.903854129007555,4.248028360524593,0,0
2021092600,1925,47821,Cody Ford,G,46082,48,6.742476605555671,5.9577014244718915,0,0
2021092600,2084,41475,Charles Leno,T,47792,20,3.768474555271216,4.5803726504617055,1.8645549834729924,0
2021092600,2084,42352,Ereck Flowers,G,47792,20,3.768474555271216,4.5803726504617055,1.8645549834729924,0
2021092600,2084,43484,Wes Schweitzer,G,39960,20,4.706439135163449,5.262782260676713,2.991579337349485,0
2021092600,2084,45012,Chase Roullier,C,35470,20,3.8869466413081435,4.820419755264254,1.1009219528296732,0
2021092600,2084,53480,Samuel Cosmi,T,39960,20,4.706439135163449,5.262782260676713,2.991579337349485,0
2021092600,2289,42392,Mitch Morse,C,44829,17,3.4171325267378005,4.5330098687968094,1.4925383710017932,0
2021092600,2289,42445,Daryl Williams,T,52410,17,3.3600628834109276,4.779440504674526,2.0718613114894797,0
2021092600,2289,42471,Jon Feliciano,G,44829,17,3.4171325267378005,4.5330098687968094,1.4925383710017932,0
2021092600,2289,44875,Dion Dawkins,T,47809,13,2.157300694888337,3.7982393506454786,1.66244676776997,0
2021092600,2289,47821,Cody Ford,G,46082,17,6.1181091137310375,5.605999521191449,1.4731190458747891,0
2021092600,3387,42392,Mitch Morse,C,46082,33,8.12725228744039,6.919588398459777,2.2058156788454104,0
2021092600,3387,42445,Daryl Williams,T,52410,47,3.1919624758091145,4.394860784701119,0.5327989902562794,0
2021092600,3387,42471,Jon Feliciano,G,44829,30,5.8669965413359275,5.770527158295401,2.44363250635431,0
2021092600,3387,44875,Dion Dawkins,T,47809,31,6.895447703300854,6.380257417688503,2.336313011841589,0
2021092600,3387,47821,Cody Ford,G,46082,33,8.12725228744039,6.919588398459777,2.2058156788454104,1
2021092601,2085,29550,Jason Peters,T,44813,21,1.917644115132408,3.278210318657992,0.6975569753636159,0
2021092601,2085,43320,Germain Ifedi,T,53481,23,2.707338707999852,3.552352728305214,1.6531204292047648,0
2021092601,2085,43345,Cody Whitehair,G,38667,21,10,9.766111900850506,7.939986649452189,0
2021092601,2085,46108,James Daniels,G,41227,23,2.33860743420974,3.564334476834382,0.7834843738518781,1
2021092601,2085,48159,Sam Mustipher,C,44847,23,3.604421692646056,4.658261149149881,1.1046489609997012,1
2021092601,2193,40070,J.C. Tretter,C,38619,18,10,7.863996329645814,1.930555634479008,0
2021092601,2193,41264,Joel Bitonio,G,38619,18,10,7.863996329645814,1.930555634479008,0
2021092601,2193,43297,Jack Conklin,T,46214,28,8.826327697185338,6.98962103957999,2.031027156262135,0
2021092601,2193,43370,Austin Hooper,TE,37087,28,10,9.944300237918421,8.818530320520868,0
2021092601,2193,46235,Wyatt Teller,G,41231,27,6.401375921045899,5.929421866669373,0.6727736641950259,0
2021092601,2193,52418,Jedrick Wills,T,46077,28,6.590597541789641,5.768502162422177,0.9873870603809008,0
2021092601,3887,29550,Jason Peters,T,44813,22,4.609434169708528,5.909171313910811,2.651259508592459,0
2021092601,3887,43320,Germain Ifedi,T,44838,22,2.476344957405896,3.8471844457819455,2.1721774670759264,0
2021092601,3887,43345,Cody Whitehair,G,38667,13,8.575414365455998,7.781495765320419,4.745007821231521,0
2021092601,3887,46108,James Daniels,G,44838,22,2.476344957405896,3.8471844457819455,2.1721774670759264,0
2021092601,3887,48159,Sam Mustipher,C,41227,26,5.103044212204196,5.689748437649819,0.7219349454963532,0
2021092601,3887,53646,Khalil Herbert,RB,44813,22,4.609434169708528,5.909171313910811,2.651259508592459,0
2021092602,140,43453,Halapoulivaati Vaitai,G,41336,16,10,7.66362296416183,2.589335437195856,0
2021092602,140,46089,Frank Ragnow,C,46267,20,6.6163679612366995,6.8218606694826045,2.5192905513954265,0
2021092602,140,48455,Matt Nelson,T,53460,19,5.634863678891826,6.318915133140568,2.255856057212418,0
2021092602,140,52483,Jonah Jackson,G,52578,20,4.932015885786681,5.324154351322525,1.3578048338952722,0
2021092602,140,53436,Penei Sewell,T,44859,20,2.1105269646067173,3.753868930575594,1.125521425595518,0
2021092602,470,38557,Kevin Zeitler,G,53501,26,5.202381680202871,5.753142478154646,0.9014418862052446,0
2021092602,470,41222,Alejandro Villanueva,T,44834,19,4.247112233964541,5.310131518007139,2.647752533970733,0
2021092602,470,45268,Patrick Ricard,FB,40171,19,10,9.009158836838582,3.83124507695995,0
2021092602,470,46284,Bradley Bozeman,C,38544,19,9.565494116835572,7.623567320120686,3.8224233467918665,0
2021092602,470,47906,Ben Powers,G,38544,19,9.565494116835572,7.623567320120686,3.8224233467918665,0
2021092602,470,48220,Patrick Mekari,G,40171,19,10,9.009158836838582,3.83124507695995,0
2021092602,1658,38557,Kevin Zeitler,G,40171,39,7.037995156965737,7.407439722747498,3.361693386542917,0
2021092602,1658,41222,Alejandro Villanueva,T,47900,40,1.8694004817268755,2.761020989023724,0,1
2021092602,1658,46284,Bradley Bozeman,C,40171,39,7.037995156965737,7.407439722747498,3.361693386542917,0
2021092602,1658,47906,Ben Powers,G,38544,28,3.6624814927979275,4.7720305420184275,0.721445340827696,0
2021092602,1658,48220,Patrick Mekari,G,43775,26,2.42068526653542,3.375228333477404,0.7884216639935241,1
2021092602,1677,38557,Kevin Zeitler,G,40171,48,3.1496139294731913,5.213402867523636,1.4946620118167573,0
2021092602,1677,41222,Alejandro Villanueva,T,44834,37,3.9758305763676463,4.289031418193626,0.9483865045149716,0
2021092602,1677,46284,Bradley Bozeman,C,38544,35,10,6.770645307677433,0.996388319604067,0
2021092602,1677,47906,Ben Powers,G,38544,35,10,6.770645307677433,0.996388319604067,0
2021092602,1677,48220,Patrick Mekari,G,43775,49,5.355784460791191,5.968518141456224,1.5167505103400576,0
2021092602,2305,41222,Alejandro Villanueva,T,44834,21,10,8.987994695095082,5.879899702501944,0
2021092602,2305,46284,Bradley Bozeman,C,38544,30,6.120496047795128,6.5505832463226135,1.9773952301119504,0
2021092602,2305,48220,Patrick Mekari,G,40171,35,5.815038603605035,6.041579212780537,1.2297765103980698,0
2021092603,1111,37130,Rodney Hudson,C,43352,22,4.540371853217151,5.581729885585645,2.341161822112216,0
2021092603,1111,39965,Justin Pugh,G,43352,22,4.540371853217151,5.581729885585645,2.341161822112216,0
2021092603,1111,42367,D.J. Humphries,T,52428,22,2.016964267104438,3.3103560775052507,0.9875123046065124,0
2021092603,1111,42398,Maxx Williams,TE,44880,20,2.730261801034227,4.4287997285161484,1.5522178043990909,0
2021092603,1111,43648,Justin Murray,T,46098,30,7.863599298327274,7.8135743613296835,3.359859953779073,0
2021092603,1111,52480,Josh Jones,G,46098,30,7.863599298327274,7.8135743613296835,3.359859953779073,0
2021092603,1735,41322,Brandon Linder,G,37084,26,3.9277349676383926,5.069534139224491,0.7579574326692482,0
2021092603,1735,41939,Andrew Norwell,G,47848,26,4.658217445829274,5.64750960067203,1.846672366872256,0
2021092603,1735,42410,A.J. Cann,G,37084,26,3.9277349676383926,5.069534139224491,0.7579574326692482,0
2021092603,1735,44846,Cam Robinson,T,47848,26,4.658217445829274,5.64750960067203,1.846672366872256,0
2021092603,1735,47818,Jawaan Taylor,T,42401,26,2.4291372864562266,2.9249811298007473,0.7765508478500376,0
2021092603,1759,41322,Brandon Linder,G,47848,25,6.344356286295505,6.438567210409227,1.362032502175054,0
2021092603,1759,41939,Andrew Norwell,G,47848,25,6.344356286295505,6.438567210409227,1.362032502175054,0
2021092603,1759,42410,A.J. Cann,G,37084,28,5.881810726775552,6.52011529425601,2.107806186102203,0
2021092603,1759,44846,Cam Robinson,T,38551,33,3.067346620459744,4.137998793980298,2.5616033370143403,0
2021092603,1759,47818,Jawaan Taylor,T,37084,28,5.881810726775552,6.52011529425601,2.107806186102203,0
2021092603,1875,37130,Rodney Hudson,C,44880,25,4.186459137441181,5.226249834697686,1.7130483309662736,0
2021092603,1875,39965,Justin Pugh,G,43333,22,2.8848672901863552,5.107080975965953,0.5630964435624592,1
2021092603,1875,42367,D.J. Humphries,T,47790,25,4.755483318613711,5.491007907789906,2.107459896050745,0
2021092603,1875,42476,Max Garcia,C,44880,25,4.186459137441181,5.226249834697686,1.7130483309662736,0
2021092603,1875,46203,Chase Edmonds,RB,47790,25,4.755483318613711,5.491007907789906,2.107459896050745,0
2021092603,1875,52480,Josh Jones,G,52428,27,2.7682976652883933,3.65104273112059,1.1727168147500429,0
2021092603,2410,37130,Rodney Hudson,C,44880,18,10,8.25884493286271,4.101410564914515,0
2021092603,2410,42367,D.J. Humphries,T,47790,17,6.4867769204034484,6.316855291250449,2.0738304309137514,0
2021092603,2410,42476,Max Garcia,C,43333,22,5.3694014955452865,6.3574547826995165,3.0852040036753876,0
2021092603,2410,44949,Sean Harlow,G,44880,18,10,8.25884493286271,4.101410564914515,0
2021092603,2410,52480,Josh Jones,G,52428,22,2.8153142821568378,4.021544571490976,2.0280276948583236,0
2021092603,3732,37130,Rodney Hudson,C,42375,27,10,8.27302484819088,3.881072736902381,0
2021092603,3732,42367,D.J. Humphries,T,47790,32,2.436507665132538,4.8704052663411845,0.2904024314903199,1
2021092603,3732,42476,Max Garcia,C,43352,27,7.440853865449541,6.633063017320854,2.19224149422917,0
2021092603,3732,44949,Sean Harlow,G,42375,27,10,8.27302484819088,3.881072736902381,0
2021092603,3732,52480,Josh Jones,G,43333,33,7.34209126911561,6.669160527398268,2.2123597435148703,0
2021092604,1675,43367,Joe Thuney,G,47811,13,10,10,10,0
2021092604,1675,46152,Orlando Brown,T,42559,19,3.230267369114543,5.250757599155664,0.6960118866805703,0
2021092604,1675,52504,Lucas Niang,T,53547,31,5.582556234477507,6.388195426406478,3.1413907153264446,0
2021092604,1675,53492,Creed Humphrey,C,47811,13,10,10,10,0
2021092604,1675,53655,Trey Smith,G,47811,13,10,10,10,0
2021092604,4231,43367,Joe Thuney,G,43292,43,3.7369143889663143,3.9479453478165656,0.47129620274258976,0
2021092604,4231,46152,Orlando Brown,T,43292,43,3.7369143889663143,3.9479453478165656,0.47129620274258976,0
2021092604,4231,52504,Lucas Niang,T,46117,31,3.3233685379004454,4.433045977462506,1.2164803540003448,0
2021092604,4231,53492,Creed Humphrey,C,42559,20,3.002853023645299,4.906036722756782,1.3341067705346643,0
2021092604,4231,53655,Trey Smith,G,47811,36,8.727503952297834,5.977442481324354,0.6554010495705618,0
2021092605,1648,39212,Brandon Bolden,RB,53457,31,6.247557780462781,6.050055528057924,0.8227364411726431,0
2021092605,1648,42474,Shaquille Mason,G,48027,31,3.44496209018312,3.3508683425504002,0,0
2021092605,1648,42883,David Andrews,C,44871,24,4.57757106377927,4.855248656848718,0.7324534221952127,1
2021092605,1648,46092,Isaiah Wynn,T,53457,31,6.247557780462781,6.050055528057924,0.8227364411726431,0
2021092605,1648,52590,Michael Onwenu,G,44871,24,4.57757106377927,4.855248656848718,0.7324534221952127,0
2021092605,1648,52783,Yasir Durant,G,37097,24,2.4046170429103797,3.1283186417260396,1.0448006238908547,0
2021092605,2668,42474,Shaquille Mason,G,44905,15,6.868943991053447,7.106278407173321,2.6377496919803773,0
2021092605,2668,42883,David Andrews,C,53489,31,5.0181491315104045,5.3755310277605,0.6271904109942991,1
2021092605,2668,46092,Isaiah Wynn,T,48537,26,5.988366173376319,5.964209584604233,0.7068792882073653,0
2021092605,2668,52590,Michael Onwenu,G,52665,11,10,7.550156992458131,2.325166002936595,0
2021092605,2668,52603,Justin Herron,T,53457,7,10,10,10,0
2021092605,3197,41532,James Hurst,T,47860,24,3.4839896688259433,4.240105164639717,0,0
2021092605,3197,42356,Andrus Peat,G,41269,26,6.486630466851049,6.781284365449373,2.400961470347796,0
2021092605,3197,44844,Ryan Ramczyk,T,43435,18,8.913470981361822,6.790659966724843,1.8055826917692464,1
2021092605,3197,52432,Cesar Ruiz,G,53467,23,6.82441612337583,6.946584061107462,3.190615693762849,0
2021092605,3197,52666,Calvin Throckmorton,T,41269,26,6.486630466851049,6.781284365449373,2.400961470347796,0
2021092606,343,37090,Nate Solder,T,52455,21,5.295396611542349,6.167425381393397,2.4038788750463707,0
2021092606,343,46071,Saquon Barkley,RB,42480,27,5.548527980024766,5.951024017250935,0.7217100040004627,0
2021092606,343,46090,Billy Price,C,42480,27,5.548527980024766,5.951024017250935,0.7217100040004627,0
2021092606,343,46103,Will Hernandez,G,52455,21,5.295396611542349,6.167425381393397,2.4038788750463707,0
2021092606,343,52412,Andrew Thomas,T,42346,29,4.588116336320342,4.7201557567889605,0.9913131193234292,0
2021092606,343,52551,Ben Bredeson,G,42346,29,4.588116336320342,4.7201557567889605,0.9913131193234292,0
2021092606,551,41232,Jake Matthews,T,47891,20,2.5940236049236125,4.365670506019922,1.5495216749138987,0
2021092606,551,46094,Hayden Hurst,TE,47878,23,10,8.86119940080022,4.755068594441668,0
2021092606,551,47797,Chris Lindstrom,G,42355,7,6.02936968459157,6.312013436518917,2.150379046223558,0
2021092606,551,47814,Kaleb McGary,T,43332,6,10,10,10,0
2021092606,551,52486,Matt Hennessy,C,42355,7,6.02936968459157,6.312013436518917,2.150379046223558,0
2021092606,551,53497,Jalen Mayfield,G,42349,6,5.952457263354734,6.864502764981077,4.616787864749777,0
2021092606,1271,37090,Nate Solder,T,40095,32,3.238697943098705,4.916021824251831,2.0060379811131694,0
2021092606,1271,46090,Billy Price,C,42480,22,3.0318773251347326,4.2121635330684155,0.5793597988211368,0
2021092606,1271,46103,Will Hernandez,G,42480,22,3.0318773251347326,4.2121635330684155,0.5793597988211368,0
2021092606,1271,52412,Andrew Thomas,T,52527,24,3.622736509283676,5.390638757219659,2.0025219829794656,0
2021092606,1271,52551,Ben Bredeson,G,42346,32,4.228788642922033,4.8180932271623504,1.4442638813050637,0
2021092606,2161,41232,Jake Matthews,T,46135,28,1.9933717449972117,3.5556085618806827,0.9594479469863624,0
2021092606,2161,47797,Chris Lindstrom,G,42349,28,3.775949859877768,4.281767421324907,1.2251915564767353,0
2021092606,2161,47814,Kaleb McGary,T,53479,28,3.3025137114110636,3.6686844325829444,0.49288778388258914,1
2021092606,2161,52486,Matt Hennessy,C,47800,28,6.213709923242664,6.43311174431521,1.8624998299638111,0
2021092606,2161,53497,Jalen Mayfield,G,47800,28,6.213709923242664,6.43311174431521,1.8624998299638111,0
2021092606,3610,41232,Jake Matthews,T,53479,34,4.999174148648924,5.554840239219397,1.4813536371584513,0
2021092606,3610,47797,Chris Lindstrom,G,47800,12,6.089484562182662,6.733654548046013,3.7383231134269144,0
2021092606,3610,47814,Kaleb McGary,T,47878,18,2.8388018784366675,4.157178584283714,1.9733840970587448,0
2021092606,3610,52486,Matt Hennessy,C,42349,13,3.885915414733516,5.19004011280015,2.321714295110297,0
2021092606,3610,53497,Jalen Mayfield,G,42349,13,3.885915414733516,5.19004011280015,2.321714295110297,0
2021092606,3848,37090,Nate Solder,T,40095,26,4.359554512135181,4.494783776823074,0.8633754993328318,0
2021092606,3848,46090,Billy Price,C,42497,17,5.465125094208197,6.543977275545982,3.4672185267111235,0
2021092606,3848,46103,Will Hernandez,G,53612,26,2.5492923461571664,3.217876918254832,0.9157095139362348,0
2021092606,3848,52412,Andrew Thomas,T,53611,26,4.38755280532968,4.900881932208232,1.882294407502018,0
2021092606,3848,52551,Ben Bredeson,G,42480,26,5.026579240814564,5.610456986712144,0.854518300058475,0
2021092607,132,41321,Trai Turner,G,46146,11,9.99248320175684,8.942433357722619,7.007315875198556,0
2021092607,132,46161,Chukwuma Okorafor,T,46146,11,9.99248320175684,8.942433357722619,7.007315875198556,0
2021092607,132,52543,Kevin Dotson,G,44877,23,4.902196248594922,4.622725760115226,0.7984711446351153,0
2021092607,132,53516,Kendrick Green,C,44877,23,4.902196248594922,4.622725760115226,0.7984711446351153,0
2021092607,132,53557,Dan Moore,T,53540,23,10,8.357976329871814,4.6878617842126395,0
2021092607,845,41321,Trai Turner,G,43455,25,1.2075566889312004,2.6189987999781046,0,1
2021092607,845,46161,Chukwuma Okorafor,T,44877,26,1.8607892538887687,3.1299507021195274,1.1028635757187188,0
2021092607,845,47924,Zach Gentry,TE,53540,45,0.7932035325158884,2.5859402614295175,0,0
2021092607,845,52543,Kevin Dotson,G,45226,36,3.086427020207303,4.505314800517308,0.6673993852665853,0
2021092607,845,53516,Kendrick Green,C,43455,25,1.2075566889312004,2.6189987999781046,0,0
2021092607,845,53557,Dan Moore,T,44915,34,3.5867724371980945,4.945279508457758,1.0890279882309948,0
2021092607,2569,41321,Trai Turner,G,44877,27,10,7.828852326571014,3.603680062611096,0
2021092607,2569,46161,Chukwuma Okorafor,T,46146,27,3.352119862645169,4.990949968350298,1.6811324619571133,0
2021092607,2569,52543,Kevin Dotson,G,44915,27,5.3901857061501515,5.6399628213586315,1.6005194483631475,0
2021092607,2569,53516,Kendrick Green,C,45226,24,5.904315319228049,5.989409427131914,1.4367886608756073,0
2021092607,2569,53557,Dan Moore,T,43641,25,3.207339763184049,4.13982046944728,2.538315802773761,0
2021092607,3261,43444,Joe Haeg,T,45226,12,3.9237325562857226,5.29743744112681,2.290582134416303,0
2021092607,3261,52543,Kevin Dotson,G,44877,12,3.746313210710472,5.125231135627639,3.0740994845163283,0
2021092607,3261,53557,Dan Moore,T,44915,12,8.49456464586849,8.033680358918529,5.200968660415207,0
2021092608,724,41237,Taylor Lewan,T,46121,12,10,9.881425953706737,8.57711144448084,0
2021092608,823,35472,Rodger Saffold,G,43296,29,7.592911993354878,6.815444641049743,2.3901954007854656,0
2021092608,823,38629,Ben Jones,C,46133,33,4.702966496865816,5.0003274052959625,2.598719133629106,0
2021092608,823,40124,David Quessenberry,G,47832,33,3.7711572357297194,4.486117900585402,1.764424545125688,0
2021092608,823,41237,Taylor Lewan,T,46121,41,3.0559449617883603,3.9468431101995205,2.3107482585693,0
2021092608,823,47865,Nate Davis,G,46133,33,4.702966496865816,5.0003274052959625,2.598719133629106,0
2021092608,1144,35472,Rodger Saffold,G,43938,22,8.68434452316888,7.192605341952,1.851316962597383,0
2021092608,1144,38629,Ben Jones,C,45009,26,2.966082961890553,3.4946981870502714,1.5439092263841545,0
2021092608,1144,41237,Taylor Lewan,T,45009,26,2.966082961890553,3.4946981870502714,1.5439092263841545,0
2021092608,1144,42402,Ty Sambrailo,T,46133,26,2.8283780833172627,3.1954751769578644,1.344999012420608,0
2021092608,1144,47865,Nate Davis,G,46133,26,2.8283780833172627,3.1954751769578644,1.344999012420608,0
2021092608,3604,39947,Eric Fisher,T,46457,19,2.4323837788485942,3.795385255150608,1.8123630714304657,0
2021092608,3604,42477,Mark Glowinski,G,47802,19,4.21323796020802,4.446366396581528,1.783863313103942,1
2021092608,3604,42765,Chris Reed,G,46110,19,2.869603120709206,4.419295792263009,1.7980485955306686,0
2021092608,3604,43307,Ryan Kelly,C,47802,19,4.21323796020802,4.446366396581528,1.783863313103942,0
2021092608,3604,44943,Julien Davenport,T,42031,19,3.195992831864213,4.06346539662997,0.6656619145186387,0
2021092609,1460,38642,Bobby Massie,T,46204,30,4.5231568647708915,4.8706303990677435,1.3331444858941182,0
2021092609,1460,43384,Graham Glasgow,G,43301,28,10,6.557761071422083,0.4696339331041939,1
2021092609,1460,44832,Garett Bolles,T,53053,23,3.581673365538729,5.003541525426578,3.1333348039097144,0
2021092609,1460,47824,Dalton Risner,G,47786,33,4.735702847689268,5.954488620851927,2.1346577319614055,0
2021092609,1460,52491,Lloyd Cushenberry,C,47786,33,4.735702847689268,5.954488620851927,2.1346577319614055,0
2021092609,1988,39684,Greg Van Roten,G,42826,23,5.847785723808301,6.453223156577659,2.6196567940803783,0
2021092609,1988,41295,Morgan Moses,T,37075,27,4.751828788751826,3.989218768189027,0.4322996683786377,1
2021092609,1988,43433,Connor McGovern,C,42826,23,5.847785723808301,6.453223156577659,2.6196567940803783,0
2021092609,1988,43586,George Fant,T,48089,27,4.199290235917299,5.339953497317487,1.1845453358284594,0
2021092609,1988,53443,Alijah Vera-Tucker,G,47854,23,7.712333485783443,7.320543199135311,2.284773373056035,0
2021092609,2620,39684,Greg Van Roten,G,42826,18,6.4902222924327235,6.962966644508998,3.2566065383875684,0
2021092609,2620,40149,Ryan Griffin,TE,52586,27,2.465026254350096,2.9784375922871487,0.37886753589804634,0
2021092609,2620,41295,Morgan Moses,T,48089,27,4.497258050045581,4.42067676223831,1.551986402914091,0
2021092609,2620,43433,Connor McGovern,C,47854,14,8.71482579664971,7.298761301542344,3.3564491399878587,0
2021092609,2620,43586,George Fant,T,53668,25,5.45448082969014,6.122777805610869,3.6306740221275873,0
2021092609,2620,53443,Alijah Vera-Tucker,G,47854,14,8.71482579664971,7.298761301542344,3.3564491399878587,0
2021092610,760,44972,Jermaine Eluemunor,G,46307,22,3.396532865575609,4.41389018240428,2.538629890341874,0
2021092610,760,46084,Kolton Miller,T,47934,22,3.1331698757377686,4.368264689557572,2.21480746256317,0
2021092610,760,48235,Andre James,C,45274,22,6.4043187258091505,6.856881093917423,3.174937037407155,0
2021092610,760,52517,John Simpson,G,45274,22,6.4043187258091505,6.856881093917423,3.174937037407155,0
2021092610,760,53446,Alex Leatherwood,T,43321,22,2.9737550772994643,4.332370360520705,1.997947194282097,0
2021092610,903,44972,Jermaine Eluemunor,G,44174,29,6.258411080351274,6.169565466879544,1.4099884139915355,0
2021092610,903,46084,Kolton Miller,T,53447,30,5.472544191982431,6.285479993918499,2.4166618710550347,0
2021092610,903,48235,Andre James,C,45274,20,6.874986521470124,5.973422472332231,0.7252317640752138,0
2021092610,903,52517,John Simpson,G,45274,20,6.874986521470124,5.973422472332231,0.7252317640752138,0
2021092610,903,53446,Alex Leatherwood,T,43321,30,5.195449603466784,5.618866808923675,1.933500102743107,0
2021092610,1799,42924,Jesse Davis,T,44815,28,6.53160752170986,5.411136934177126,0.7653852820268414,1
2021092610,1799,47861,Michael Deiter,C,44815,28,6.53160752170986,5.411136934177126,0.7653852820268414,0
2021092610,1799,52426,Austin Jackson,T,47787,39,3.5861466794654535,4.883217371896864,1.1368975443728055,0
2021092610,1799,52447,Robert Hunt,G,43436,34,9.03687865044947,7.1632554528487375,1.9410666946021775,0
2021092610,1799,53471,Liam Eichenberg,T,43354,40,4.979070488306475,6.101643542490126,1.4900942056445337,0
2021092610,2903,44972,Jermaine Eluemunor,G,45274,29,10,8.745480532429712,4.67416727202783,0
2021092610,2903,46084,Kolton Miller,T,47934,28,4.547972910921076,5.141118301848798,2.8743089690655395,1
2021092610,2903,48235,Andre James,C,46142,26,4.588672032243169,5.048878958158769,1.2089691476403974,0
2021092610,2903,52517,John Simpson,G,46307,29,4.539808815965068,5.73778239694334,2.387515597837191,0
2021092610,2903,53446,Alex Leatherwood,T,53447,33,3.1317585161223658,3.999242780691368,1.6102344779812934,0
2021092610,3481,42924,Jesse Davis,T,39997,20,4.766017661564718,6.069620404415996,2.871219233990104,0
2021092610,3481,47861,Michael Deiter,C,39997,20,4.766017661564718,6.069620404415996,2.871219233990104,0
2021092610,3481,52426,Austin Jackson,T,47787,29,2.620407756168229,3.5922788935621814,0.9815032001740748,0
2021092610,3481,52447,Robert Hunt,G,42535,25,5.527768510468464,6.01044481815593,2.372693246417089,0
2021092610,3481,53471,Liam Eichenberg,T,43354,28,5.948505821328862,6.10763574789176,2.477211580350086,0
2021092610,4631,42837,Malcolm Brown,RB,47889,27,2.680963312664873,3.726795595120109,2.1766592320404357,0
2021092610,4631,42924,Jesse Davis,T,42535,33,3.604241734805895,5.041926927798545,1.7637840317172595,0
2021092610,4631,47861,Michael Deiter,C,43358,36,6.661342125030916,7.059147945305796,3.30646278750645,0
2021092610,4631,52426,Austin Jackson,T,47889,27,2.680963312664873,3.726795595120109,2.1766592320404357,0
2021092610,4631,52447,Robert Hunt,G,43436,26,6.512696471837579,6.997560035205219,3.617178160622743,0
2021092610,4631,53471,Liam Eichenberg,T,43436,26,6.512696471837579,6.997560035205219,3.617178160622743,0
2021092611,1736,30869,Andrew Whitworth,T,46081,19,10,8.113998555875947,2.5284554379872075,0
2021092611,1736,42400,Rob Havenstein,T,41915,20,3.395320926584631,4.7446302472095185,2.360465957286309,0
2021092611,1736,46102,Austin Corbett,G,35441,17,10,9.930340586371223,9.26662181629619,0
2021092611,1736,46180,Brian Allen,C,47788,20,3.713049130621499,5.367761994157777,2.279647174650033,0
2021092611,1736,47952,David Edwards,G,46081,19,10,8.113998555875947,2.5284554379872075,0
2021092611,2428,40151,Ryan Jensen,C,46264,4,5.245935306601991,6.360663532481371,4.9507835167215015,0
2021092611,2428,42377,Donovan Smith,T,43335,14,8.01396003218595,7.756552389630971,4.342267753097843,0
2021092611,2428,42404,Ali Marpet,G,43298,14,2.873797071555722,4.064607253188253,2.301982180433479,0
2021092611,2428,44831,O.J. Howard,TE,43335,14,8.01396003218595,7.756552389630971,4.342267753097843,0
2021092611,2428,46163,Alex Cappa,G,41239,6,3.9755852448968936,4.762193159258808,3.213453372270086,0
2021092611,2428,52421,Tristan Wirfs,T,41239,6,3.9755852448968936,4.762193159258808,3.213453372270086,0
2021092611,2450,40151,Ryan Jensen,C,47917,21,4.283277195715793,4.855822679494667,1.1150392391147126,0
2021092611,2450,42377,Donovan Smith,T,43298,21,2.9583200433218897,4.938920333173798,1.7437550644517703,0
2021092611,2450,42404,Ali Marpet,G,41239,21,6.159109639922821,5.73436604561674,1.1010923068170888,0
2021092611,2450,46163,Alex Cappa,G,52835,14,2.7106005149223096,4.681803140997427,1.6065077363036644,0
2021092611,2450,52421,Tristan Wirfs,T,52835,14,2.7106005149223096,4.681803140997427,1.6065077363036644,0
2021092611,2641,30869,Andrew Whitworth,T,53461,49,7.602306840073056,7.004997019020117,0.759487369963718,0
2021092611,2641,42400,Rob Havenstein,T,41915,28,4.1629107695264915,5.496351231180438,2.919187826796901,0
2021092611,2641,46102,Austin Corbett,G,34777,30,6.287734341640664,6.007550958422529,1.7489456405789174,0
2021092611,2641,46180,Brian Allen,C,42560,24,9.145211815843894,8.140400652064148,4.750534167544179,0
2021092611,2641,47952,David Edwards,G,42560,24,9.145211815843894,8.140400652064148,4.750534167544179,0
2021092611,2762,30869,Andrew Whitworth,T,53461,29,5.046017188299445,5.211744314275426,1.5126290936429838,0
2021092611,2762,42400,Rob Havenstein,T,47890,29,3.288916980829119,4.547396931174443,1.651353058696311,0
2021092611,2762,46102,Austin Corbett,G,40074,25,4.783489143483025,5.158397021353252,1.3410591816602473,0
2021092611,2762,46180,Brian Allen,C,42560,29,7.793514005286841,7.197681308853949,1.875867144309907,0
2021092611,2762,47952,David Edwards,G,42560,29,7.793514005286841,7.197681308853949,1.875867144309907,0
2021092611,3048,40151,Ryan Jensen,C,47917,23,6.3604274998091945,6.47895388419046,3.2421580851186933,0
2021092611,3048,42377,Donovan Smith,T,52835,18,8.624665349772116,8.123651728226479,4.760130144708767,0
2021092611,3048,42404,Ali Marpet,G,52835,18,8.624665349772116,8.123651728226479,4.760130144708767,0
2021092611,3048,46163,Alex Cappa,G,46191,23,2.49092230932673,3.5162262804097164,1.2192238126608088,0
2021092611,3048,52421,Tristan Wirfs,T,52492,21,3.767879932106205,5.291939491176156,2.052752006244795,0
2021092611,3169,40151,Ryan Jensen,C,41239,10,10,9.99200134967288,9.920013496728789,0
2021092611,3169,42377,Donovan Smith,T,47939,24,3.4291423273060726,4.945017738257043,1.9723512309976543,0
2021092611,3169,42404,Ali Marpet,G,46191,26,1.9968456687391587,2.660065284010919,1.3061055711411438,0
2021092611,3169,46163,Alex Cappa,G,46264,16,7.429756770208877,6.772984872124019,2.6547671431838418,0
2021092611,3169,52421,Tristan Wirfs,T,46264,16,7.429756770208877,6.772984872124019,2.6547671431838418,0
2021092611,3728,40151,Ryan Jensen,C,41239,24,10,6.605423358264375,1.0389521934846713,1
2021092611,3728,42377,Donovan Smith,T,46264,19,6.38482432538833,5.978689435870204,1.5835912054496537,0
2021092611,3728,42404,Ali Marpet,G,46264,19,6.38482432538833,5.978689435870204,1.5835912054496537,0
2021092611,3728,46163,Alex Cappa,G,46191,22,9.20360142289984,7.8533785978224,4.358078592165343,0
2021092611,3728,52421,Tristan Wirfs,T,43298,30,4.432259574751397,6.355678312250102,3.1777928993188316,0
2021092611,3908,40151,Ryan Jensen,C,46264,17,6.78303049723776,7.026009067194261,2.382205545802348,0
2021092611,3908,42377,Donovan Smith,T,41239,27,6.424388243863945,6.00662583204318,0.783220779470677,0
2021092611,3908,42404,Ali Marpet,G,46264,17,6.78303049723776,7.026009067194261,2.382205545802348,0
2021092611,3908,46163,Alex Cappa,G,43298,27,10,8.758009680472128,5.443694782529265,0
2021092611,3908,52421,Tristan Wirfs,T,52492,27,2.351327552631746,3.444957647113354,0.6335395064815058,0
2021092611,3985,39985,Giovani Bernard,RB,47844,25,3.187104446767586,3.910142643160789,1.4713005424474577,0
2021092611,3985,40151,Ryan Jensen,C,46264,18,7.898317703979574,7.56715742517365,3.0950984689289327,0
2021092611,3985,42377,Donovan Smith,T,43298,25,1.6944296313626157,1.8164994158437489,0.3521379349870944,1
2021092611,3985,42404,Ali Marpet,G,43298,25,1.6944296313626157,1.8164994158437489,0.3521379349870944,0
2021092611,3985,46163,Alex Cappa,G,46264,18,7.898317703979574,7.56715742517365,3.0950984689289327,0
2021092611,3985,52421,Tristan Wirfs,T,41239,25,3.0815167053672248,4.52239501003678,1.6226882453983391,0
2021092612,54,33107,Duane Brown,T,52886,7,8.376979482997656,8.202609652855886,6.179085315901497,0
2021092612,54,41310,Gabe Jackson,G,43694,3,10,10,10,0
2021092612,54,44856,Gerald Everett,TE,42431,19,1.2341667772760765,2.6704645436993832,0.5162540104124768,1
2021092612,54,45056,Kyle Fuller,G,43694,3,10,10,10,0
2021092612,54,46237,Jamarco Jones,T,44867,6,10,10,10,0
2021092612,1299,43640,Rashod Hill,T,52456,24,3.33732785428486,4.54447740422338,1.8462870339269344,0
2021092612,1299,46131,Brian O'Neill,T,35493,24,4.1535300500994214,5.350505480600389,1.6603366365722196,0
2021092612,1299,47801,Garrett Bradbury,C,46148,18,5.50382440955153,5.979316373447755,2.2582936723620923,0
2021092612,1299,47976,Olisaemeka Udoh,T,41786,25,7.307017985271365,6.539203907434455,1.6144959080719743,0
2021092612,1299,52466,Ezra Cleveland,G,46148,18,5.50382440955153,5.979316373447755,2.2582936723620923,0
2021092612,3508,33107,Duane Brown,T,52525,36,4.788613984791399,5.745433463237907,1.8101601244087353,0
2021092612,3508,41310,Gabe Jackson,G,39959,13,5.419984158215586,6.694069414224824,3.5491509367195486,0
2021092612,3508,45056,Kyle Fuller,G,42431,28,7.5808377232519994,7.608698332642279,4.528242873045739,0
2021092612,3508,52477,Damien Lewis,G,35539,42,6.85300151764536,6.135521647133385,1.36737167609629,1
2021092612,3508,54006,Jake Curhan,T,39959,13,5.419984158215586,6.694069414224824,3.5491509367195486,0
2021092613,970,41296,Billy Turner,T,41249,35,2.210503191152641,3.712813603430649,1.057423248530278,0
2021092613,970,48181,Yosuah Nijman,T,47785,39,2.258527871055104,2.776067542055693,0,0
2021092613,970,52600,Jon Runyan,G,52422,33,4.123207428539501,4.2639960633880465,0.5725609424185931,0
2021092613,970,53491,Josh Myers,C,52422,33,4.123207428539501,4.2639960633880465,0.5725609424185931,1
2021092613,970,53571,Royce Newman,T,42360,39,1.6099100988134298,3.474863915213829,0,1
2021092613,1379,34472,Alex Mack,C,46438,34,1.083769562207098,1.6194656212717697,0,1
2021092613,1379,35443,Trent Williams,T,47933,23,6.270472431854763,6.548486214015932,1.8405776509444367,0
2021092613,1379,42371,Laken Tomlinson,G,53602,33,1.0985458028372928,2.052103063812258,0,0
2021092613,1379,44959,George Kittle,TE,47933,23,6.270472431854763,6.548486214015932,1.8405776509444367,0
2021092613,1379,45069,Daniel Brunskill,G,52650,43,0.6254158939578006,2.2394967059387216,0,0
2021092613,1379,46078,Mike McGlinchey,T,52979,39,2.4130356526398966,4.766671292203382,0.671903631434198,0
2021092613,1921,34472,Alex Mack,C,42381,26,3.7073969444199184,4.57569072222787,1.789326678927949,0
2021092613,1921,35443,Trent Williams,T,47933,16,10,8.52461571286395,4.682273847820861,0
2021092613,1921,42371,Laken Tomlinson,G,47933,16,10,8.52461571286395,4.682273847820861,0
2021092613,1921,45069,Daniel Brunskill,G,43316,17,5.476111146466706,6.3413284618973735,3.1127704975099464,0
2021092613,1921,46078,Mike McGlinchey,T,47795,26,3.671680918317536,4.7228783076140886,2.2436923076413957,0
2021092613,2792,34472,Alex Mack,C,47933,26,7.815863254278799,7.756916236350856,4.0812763824440745,0
2021092613,2792,35443,Trent Williams,T,43404,24,3.795047459923419,4.224958202108249,2.477589345826061,1
2021092613,2792,42371,Laken Tomlinson,G,47933,26,7.815863254278799,7.756916236350856,4.0812763824440745,0
2021092613,2792,44959,George Kittle,TE,47795,23,4.109378909347875,5.989551182922127,3.448622244877779,0
2021092613,2792,45069,Daniel Brunskill,G,43316,26,10,6.835935556169023,1.5258824074929749,0
2021092613,3548,41296,Billy Turner,T,44938,34,5.6426123743787855,6.052875016416548,1.6787588853145712,0
2021092613,3548,52600,Jon Runyan,G,46197,20,5.83786253148687,6.310491619898288,2.59391933040815,0
2021092613,3548,53491,Josh Myers,C,46197,20,5.83786253148687,6.310491619898288,2.59391933040815,0
2021092613,3548,53571,Royce Newman,T,45011,23,5.793003866799887,6.443507208195228,2.6603727956460745,0
2021092700,697,37082,Tyron Smith,T,38542,11,10,10,10,0
2021092700,697,41242,Zack Martin,G,43378,29,5.032117381288042,6.269225918251826,2.800222051550912,0
2021092700,697,46119,Connor Williams,G,38542,11,10,10,10,0
2021092700,697,52554,Tyler Biadasz,C,43378,29,5.032117381288042,6.269225918251826,2.800222051550912,0
2021092700,697,52938,Terence Steele,T,46199,29,8.430020748930309,7.673732503801695,3.041743705718373,0
2021092700,2434,37266,Jason Kelce,C,42667,16,9.951844027987601,8.938538914588522,6.270108523590943,0
2021092700,2434,39950,Lane Johnson,T,53513,33,3.021825439094304,3.7009727196461797,1.5524298279019326,1
2021092700,2434,43368,Isaac Seumalo,G,42667,16,9.951844027987601,8.938538914588522,6.270108523590943,0
2021092700,2434,47805,Andre Dillard,T,44892,33,2.5625607706945015,3.6686482001796534,0.8119400254213199,0
2021092700,2434,53466,Landon Dickerson,G,41363,31,4.979290848549542,5.078804843558563,0.35160834590252477,1
2021093000,209,41322,Brandon Linder,G,44877,18,6.873691478232888,7.063869612158481,3.5464722928511567,0
2021093000,209,44846,Cam Robinson,T,52515,17,9.332944579394592,7.788171584111399,3.5544269636392003,0
2021093000,209,45785,Dan Arnold,TE,44915,28,5.545091990448644,4.694701921235565,0.42989272134534073,1
2021093000,209,47818,Jawaan Taylor,T,53540,28,2.6224982924560503,3.6933775733850136,1.2104957668290504,0
2021093000,1217,41322,Brandon Linder,G,43455,34,4.881433152699927,5.8501423997480515,1.165046678790335,0
2021093000,1217,41939,Andrew Norwell,G,44877,28,10,8.842896527140862,3.565454588987583,0
2021093000,1217,44846,Cam Robinson,T,44877,28,10,8.842896527140862,3.565454588987583,0
2021093000,1217,47818,Jawaan Taylor,T,45226,27,9.118196438850834,8.516536701537639,6.291589838145631,0
2021093000,1217,52524,Ben Bartch,T,43455,34,4.881433152699927,5.8501423997480515,1.165046678790335,0
2021100300,2316,37234,Lee Smith,TE,52410,17,10,9.289311487974016,5.882609411520014,0
2021100300,2316,41232,Jake Matthews,T,47809,17,10,7.5671348734401205,2.1068277525647656,0
2021100300,2316,47797,Chris Lindstrom,G,43441,8,8.577514781926329,7.546544005240859,3.951054664544415,0
2021100300,2316,47814,Kaleb McGary,T,43441,8,8.577514781926329,7.546544005240859,3.951054664544415,0
2021100300,2316,52486,Matt Hennessy,C,46082,10,2.6960571852882653,4.495498227317278,1.3331642142060884,0
2021100300,2316,53497,Jalen Mayfield,G,44829,3,10,10,10,0
2021100300,2610,41475,Charles Leno,T,42497,19,3.411847978442716,4.7585636802846185,1.491105174298085,0
2021100300,2610,42348,Brandon Scherff,G,42480,16,2.9827287695122946,4.60028645069417,1.4913549512461273,0
2021100300,2610,42352,Ereck Flowers,G,42497,19,3.411847978442716,4.7585636802846185,1.491105174298085,0
2021100300,2610,45012,Chase Roullier,C,42480,16,2.9827287695122946,4.60028645069417,1.4913549512461273,0
2021100300,2610,45481,Ricky Seals-Jones,TE,42346,27,5.5498060894964745,5.845532851329046,2.5764934538013184,0
2021100300,2610,53480,Samuel Cosmi,T,40095,22,8.571799016228242,6.7861937085210196,2.3647422276381467,0
2021100301,909,42392,Mitch Morse,C,44863,20,3.273129405337306,4.569171963271613,1.4917995697051734,1
2021100301,909,42445,Daryl Williams,T,47944,24,3.689767105841686,4.341237420387739,0.6193821133319618,0
2021100301,909,44875,Dion Dawkins,T,44922,18,1.642087618224683,3.1691888064175955,0.5030225305685899,0
2021100301,909,46689,Ike Boettger,G,44863,20,3.273129405337306,4.569171963271613,1.4917995697051734,1
2021100301,909,47879,Dawson Knox,TE,38556,11,5.085310432180272,6.037734776839525,3.059057976717358,0
2021100301,909,48011,Tommy Sweeney,TE,38556,11,5.085310432180272,6.037734776839525,3.059057976717358,0
2021100301,909,53522,Spencer Brown,T,46137,21,10,8.392972015486745,4.67635544382135,0
2021100301,1870,42392,Mitch Morse,C,43356,30,10,6.927337455504875,0.668586096265524,0
2021100301,1870,42445,Daryl Williams,T,43356,30,10,6.927337455504875,0.668586096265524,0
2021100301,1870,44875,Dion Dawkins,T,38556,32,3.490034896227095,4.476213622693178,1.235475975814844,0
2021100301,1870,46689,Ike Boettger,G,44922,19,3.027220387098519,5.39882005530359,2.043383754863187,0
2021100301,1870,53522,Spencer Brown,T,47944,27,7.280699010541989,7.281347093563003,4.496616387626768,0
2021100301,3636,37213,Marcus Cannon,T,53490,31,3.5523695352088382,4.818439070548669,1.1258755592252614,0
2021100301,3636,41293,Justin Britt,C,43638,22,10,7.589824186483601,2.915622782427251,0
2021100301,3636,43302,Laremy Tunsil,T,52462,27,6.26532698981995,6.28712944810569,2.179532172876516,0
2021100301,3636,47806,Tytus Howard,T,43638,22,10,7.589824186483601,2.915622782427251,0
2021100301,3636,47838,Max Scharping,G,46165,34,4.016169503938235,4.603210249584004,2.2990499888621474,1
2021100302,1038,43453,Halapoulivaati Vaitai,G,42443,23,3.457495338878975,4.432391787622185,0.5631245028904321,1
2021100302,1038,46679,Evan Brown,C,42382,22,2.893397163043737,4.320884520880172,2.0826706005427065,0
2021100302,1038,48455,Matt Nelson,T,41231,23,2.5020106798132344,3.6720425133028507,0.720325512695858,1
2021100302,1038,52483,Jonah Jackson,G,46214,17,10,9.840402716774173,8.85088783207279,0
2021100302,1038,53436,Penei Sewell,T,46214,17,10,9.840402716774173,8.85088783207279,0
2021100302,3331,43453,Halapoulivaati Vaitai,G,42443,25,7.222764790912277,6.030428786667439,1.697431820920957,0
2021100302,3331,46679,Evan Brown,C,42443,25,7.222764790912277,6.030428786667439,1.697431820920957,0
2021100302,3331,48455,Matt Nelson,T,42443,25,7.222764790912277,6.030428786667439,1.697431820920957,0
2021100302,3331,52483,Jonah Jackson,G,46214,24,5.932645325314429,5.584912721586411,0.659317011199314,0
2021100302,3331,53436,Penei Sewell,T,37087,34,3.4991565601292143,5.005598704091288,1.9801055771628877,0
2021100302,3752,43453,Halapoulivaati Vaitai,G,42443,22,4.633289990281596,5.82931676293729,2.569394575645103,0
2021100302,3752,46679,Evan Brown,C,46214,18,10,9.378975141493099,6.521470084651226,0
2021100302,3752,48455,Matt Nelson,T,52563,24,4.3836684380293285,5.536612358848077,1.243170711947739,0
2021100302,3752,52483,Jonah Jackson,G,46214,18,10,9.378975141493099,6.521470084651226,0
2021100302,3752,53436,Penei Sewell,T,37087,24,2.8423143716227965,4.392500385040317,1.8311444277482056,0
2021100303,274,37082,Tyron Smith,T,47799,20,5.139120253250683,5.920878219127257,2.46145130055936,0
2021100303,274,41242,Zack Martin,G,52415,10,10,9.152135291704907,7.19120579173403,0
2021100303,274,46119,Connor Williams,G,43791,20,6.452110976694052,6.175391789972616,2.042619510549267,0
2021100303,274,52554,Tyler Biadasz,C,41341,11,9.003111499494924,8.097755601326973,5.502194515977822,0
2021100303,274,52938,Terence Steele,T,44825,18,3.606562564328275,5.092642522131777,2.5284855995782616,0
2021100303,2046,37082,Tyron Smith,T,44825,30,3.057936429701386,3.9163253628879504,1.0105681257805252,0
2021100303,2046,41242,Zack Martin,G,41341,30,4.710914008815168,4.461707485981222,1.2691347044338477,0
2021100303,2046,46119,Connor Williams,G,43791,30,4.141058046279683,4.706445929278859,1.2399126668126954,0
2021100303,2046,52554,Tyler Biadasz,C,43791,30,4.141058046279683,4.706445929278859,1.2399126668126954,0
2021100303,2046,52938,Terence Steele,T,47799,30,2.188103340747656,2.9554651094532947,1.0954431339747863,1
2021100303,2503,41436,Matt Paradis,C,53978,22,5.792749969473263,6.204998815218118,2.3460382829475144,0
2021100303,2503,42362,Cameron Erving,T,53513,25,2.121799258314234,3.6241074295523905,0.9218689079323148,0
2021100303,2503,42424,John Miller,G,53978,22,5.792749969473263,6.204998815218118,2.3460382829475144,0
2021100303,2503,44876,Taylor Moton,T,53039,25,3.280014897478032,4.186348838055871,1.4385564626405103,0
2021100303,2503,53555,Chuba Hubbard,RB,46088,25,1.7408647768666543,2.4908812971130474,0.8284538378274342,0
2021100303,3493,41436,Matt Paradis,C,42667,11,10,10,10,0
2021100303,3493,42362,Cameron Erving,T,53504,23,2.316173995630161,2.8632035342755513,1.166414370308027,1
2021100303,3493,46170,Ian Thomas,TE,53513,6,10,10,10,0
2021100303,3493,47995,Dennis Daley,G,41363,23,6.147867307763954,5.936614099046839,1.027283064500775,0
2021100304,147,42924,Jesse Davis,T,44957,6,10,9.309803679006237,7.663863572498867,0
2021100304,147,42954,Greg Mancz,C,43296,10,5.990772873466586,6.802066439569784,3.5269717747410994,0
2021100304,147,52426,Austin Jackson,T,44957,6,10,9.309803679006237,7.663863572498867,0
2021100304,147,52447,Robert Hunt,G,43296,10,5.990772873466586,6.802066439569784,3.5269717747410994,0
2021100304,147,53471,Liam Eichenberg,T,46133,13,4.118651229871068,5.428654715930549,2.091249961404303,0
2021100304,1734,39947,Eric Fisher,T,53447,33,1.9558796874024251,2.362821995982069,0,1
2021100304,1734,42477,Mark Glowinski,G,45274,25,4.0707895576598,5.129045712257084,2.7414792395255025,0
2021100304,1734,42765,Chris Reed,G,44174,33,3.2259258390274033,4.416587739081454,1.2889222405718366,0
2021100304,1734,43307,Ryan Kelly,C,45274,25,4.0707895576598,5.129045712257084,2.7414792395255025,1
2021100304,1734,46275,Matt Pryor,T,43321,33,6.313295929043759,5.574915312196923,0.8607228536552839,0
2021100304,1758,39947,Eric Fisher,T,44174,26,3.7550832901107407,4.204794594164738,1.972676557435507,0
2021100304,1758,42477,Mark Glowinski,G,45274,26,8.777013255317113,8.410647850484654,5.290778535167114,0
2021100304,1758,42765,Chris Reed,G,44174,26,3.7550832901107407,4.204794594164738,1.972676557435507,0
2021100304,1758,43307,Ryan Kelly,C,45274,26,8.777013255317113,8.410647850484654,5.290778535167114,0
2021100304,1758,46275,Matt Pryor,T,43321,26,6.268502328761783,5.780576940830681,0.9503102058161634,0
2021100304,1957,39947,Eric Fisher,T,43854,39,10,8.25347436299985,3.640220267199814,0
2021100304,1957,42477,Mark Glowinski,G,47796,24,4.203401535563193,4.803019788522026,0.3782692649335352,1
2021100304,1957,42765,Chris Reed,G,40030,32,3.8578914873368224,4.982973208069796,1.8960565564098917,0
2021100304,1957,43307,Ryan Kelly,C,40030,32,3.8578914873368224,4.982973208069796,1.8960565564098917,0
2021100304,1957,44943,Julien Davenport,T,46307,28,4.945634516218521,5.485339602327668,0.7923140626288429,0
2021100304,2361,39947,Eric Fisher,T,43321,24,2.9942943281597936,3.728813416106507,0.9332372421071964,0
2021100304,2361,42477,Mark Glowinski,G,45274,24,4.253352936287147,5.615656163973609,2.6197039575088117,0
2021100304,2361,42765,Chris Reed,G,47934,24,4.175713624764528,5.501768011003984,2.2912324675917675,0
2021100304,2361,43307,Ryan Kelly,C,45274,24,4.253352936287147,5.615656163973609,2.6197039575088117,0
2021100304,2361,44943,Julien Davenport,T,53447,23,3.774145969664243,4.588684166700858,1.1873140679411436,0
2021100304,2383,39947,Eric Fisher,T,43321,33,3.921927754456852,5.27730638833585,2.19118099099028,0
2021100304,2383,42477,Mark Glowinski,G,45274,22,2.149791475102991,3.598459444161969,0.5049506604642967,0
2021100304,2383,42765,Chris Reed,G,44174,23,2.541298616201779,3.8354183517256955,1.3179387120253458,1
2021100304,2383,43307,Ryan Kelly,C,45274,22,2.149791475102991,3.598459444161969,0.5049506604642967,0
2021100304,2383,44943,Julien Davenport,T,53447,30,3.6097231702926704,4.447432421522105,0.5247752490322725,0
2021100305,126,43640,Rashod Hill,T,44813,3,4.9948213848419885,6.100294825721848,3.4530971192749824,0
2021100305,126,46131,Brian O'Neill,T,41227,18,9.292215218499429,7.468546469387178,2.2576510808629107,0
2021100305,126,47976,Olisaemeka Udoh,T,38667,13,9.52673647196294,8.183811715091895,5.1257842212895905,0
2021100305,463,41264,Joel Bitonio,G,44867,8,10,9.573509212553338,8.075144996961738,0
2021100305,463,43297,Jack Conklin,T,42431,17,6.56972626458462,6.840326604754482,4.043815289035386,0
2021100305,463,46235,Wyatt Teller,G,43694,17,4.640880411562461,5.5550428355021495,2.741760201938155,0
2021100305,463,52418,Jedrick Wills,T,52525,15,10,9.63601854746362,7.524701091506101,0
2021100305,1553,40070,J.C. Tretter,C,44867,9,3.0410422289645274,4.623741542564144,2.119357931969595,0
2021100305,1553,41264,Joel Bitonio,G,43694,5,2.8041683934273514,3.7569833949453795,1.7321551295167683,0
2021100305,1553,43297,Jack Conklin,T,42431,15,3.8442927925600783,5.391395787118724,1.1206256818403293,0
2021100305,1553,44841,David Njoku,TE,52525,7,10,8.963371930158887,6.5245038670069615,0
2021100305,1553,46235,Wyatt Teller,G,44867,9,3.0410422289645274,4.623741542564144,2.119357931969595,0
2021100305,1553,52418,Jedrick Wills,T,47973,9,6.583193007541053,6.5735166999716075,2.449472829433722,0
2021100306,363,37090,Nate Solder,T,37097,30,5.7314533183651815,5.957988435084689,2.82060731595268,0
2021100306,363,43695,Matt Skura,C,48544,22,5.922574546852045,6.076374115396061,1.4277385312817574,0
2021100306,363,46071,Saquon Barkley,RB,53489,33,4.2958005993662125,5.70640163895337,1.8294545910512383,0
2021100306,363,46090,Billy Price,C,48544,22,5.922574546852045,6.076374115396061,1.4277385312817574,0
2021100306,363,46103,Will Hernandez,G,48599,24,6.527814772010721,6.51294616461688,1.891887406576771,0
2021100306,363,52412,Andrew Thomas,T,48537,33,6.8050927811678115,6.62182097615717,2.8962079399332694,0
2021100307,604,39684,Greg Van Roten,G,47802,26,3.2712297475276504,3.7520279344564953,2.0123024909889824,0
2021100307,604,41295,Morgan Moses,T,46457,26,5.688017062228669,6.432186679134327,2.7342384212874142,0
2021100307,604,43433,Connor McGovern,C,47802,26,3.2712297475276504,3.7520279344564953,2.0123024909889824,0
2021100307,604,43586,George Fant,T,46110,26,2.087087099253044,2.7547945345197973,0.5860625602900512,0
2021100307,604,53443,Alijah Vera-Tucker,G,53073,26,4.417996308786232,5.6656109031763755,2.5851265278189595,0
2021100307,2412,35472,Rodger Saffold,G,47786,5,5.621041803079592,6.382376885567508,4.438227910171361,0
2021100307,2412,38629,Ben Jones,C,47786,5,5.621041803079592,6.382376885567508,4.438227910171361,0
2021100307,2412,41237,Taylor Lewan,T,43308,7,10,10,10,0
2021100307,2975,39684,Greg Van Roten,G,46110,27,3.7901198753445344,5.131180599165848,1.864762814754322,0
2021100307,2975,40149,Ryan Griffin,TE,48663,21,2.823802479492241,4.94278632914178,2.12401055014715,0
2021100307,2975,41295,Morgan Moses,T,47802,21,7.464672190486795,6.080768061644829,1.133203979990939,1
2021100307,2975,43586,George Fant,T,42031,17,8.659029907223314,6.341359803483825,1.2402114563998488,0
2021100307,3371,39684,Greg Van Roten,G,47802,20,5.0328178168372855,5.420850910832778,0.7132561101727948,0
2021100307,3371,41295,Morgan Moses,T,42031,25,10,9.184747724210585,6.319470829966325,0
2021100307,3371,43433,Connor McGovern,C,53073,21,5.249360512900437,5.955599219409036,2.1109156655014276,0
2021100307,3371,43586,George Fant,T,48663,25,5.691689690968324,6.143207524602494,2.59197554780495,0
2021100307,3371,53443,Alijah Vera-Tucker,G,53073,21,5.249360512900437,5.955599219409036,2.1109156655014276,0
2021100307,3629,38629,Ben Jones,C,43301,27,6.64745118882092,6.894668832742736,2.710138321507414,0
2021100307,3629,40124,David Quessenberry,G,52566,28,2.4794936296400003,4.339870278576121,0.48216460747904105,0
2021100307,3629,42402,Ty Sambrailo,T,53053,28,1.5302100915600167,2.7093908510553413,0,1
2021100307,3629,47865,Nate Davis,G,46204,28,4.277110754676537,5.198366101923424,2.230875338448996,1
2021100307,3629,53063,Aaron Brewer,C,43308,22,4.563329720773691,5.795895403129107,2.2954805576354773,0
2021100307,4551,39684,Greg Van Roten,G,47802,29,3.5294880006068836,4.577601578891227,1.1455749845399763,0
2021100307,4551,41295,Morgan Moses,T,42031,27,4.661151089151728,6.1812815634698435,1.9804316344701844,0
2021100307,4551,43433,Connor McGovern,C,53073,19,10,8.869485291951824,4.687766896328391,0
2021100307,4551,43586,George Fant,T,46110,24,4.743458117400637,5.793960730251137,3.5489628794109933,0
2021100307,4551,53443,Alijah Vera-Tucker,G,53073,19,10,8.869485291951824,4.687766896328391,0
2021100307,4929,38629,Ben Jones,C,46249,18,6.402735958307146,6.474288462693173,2.7514324377891275,0
2021100307,4929,40124,David Quessenberry,G,43301,27,5.018965001631792,5.924082137976098,3.3880760970339407,0
2021100307,4929,41237,Taylor Lewan,T,43308,27,1.9154109619067756,3.265013755577018,0.8608428762740566,0
2021100307,4929,42402,Ty Sambrailo,T,46141,27,2.872165093868566,3.4855339590022854,0.8790591656812378,0
2021100307,4929,47865,Nate Davis,G,46249,18,6.402735958307146,6.474288462693173,2.7514324377891275,0
2021100307,5153,38629,Ben Jones,C,43301,45,1.7995998055227995,2.3895938618417816,0,1
2021100307,5153,40124,David Quessenberry,G,46204,38,2.591185540542144,4.6273750933033355,0.9047756815084042,1
2021100307,5153,41237,Taylor Lewan,T,53053,40,3.786124160170356,5.038391739245505,1.9348175934662013,0
2021100307,5153,47865,Nate Davis,G,43301,45,1.7995998055227995,2.3895938618417816,0,0
2021100308,800,47805,Andre Dillard,T,43338,21,4.797188779794527,5.419499203946594,2.290959787874167,0
2021100308,800,48513,Nate Herbig,G,43326,17,5.660389913313611,6.1440722371630905,2.3557309549353858,0
2021100308,800,52553,Jack Driscoll,T,40051,21,4.086054915060854,4.795322472103852,3.0642980149029344,0
2021100308,800,53466,Landon Dickerson,G,43338,21,4.797188779794527,5.419499203946594,2.290959787874167,0
2021100308,1258,42460,Blake Bell,TE,37089,12,5.890679008331392,6.809499072334989,4.099004222645051,0
2021100308,1258,43367,Joe Thuney,G,43405,30,8.922091325353207,8.291819645339736,5.312350549170806,0
2021100308,1258,46152,Orlando Brown,T,53620,26,2.8952393671871066,5.137917501071783,0.925285333626544,1
2021100308,1258,52504,Lucas Niang,T,53502,14,5.059780107400459,6.239375824917796,3.104253706319271,0
2021100308,1258,53492,Creed Humphrey,C,43405,30,8.922091325353207,8.291819645339736,5.312350549170806,0
2021100308,1258,53591,Noah Gray,TE,37089,12,5.890679008331392,6.809499072334989,4.099004222645051,0
2021100308,1258,53655,Trey Smith,G,53502,14,5.059780107400459,6.239375824917796,3.104253706319271,0
2021100308,1284,43367,Joe Thuney,G,43405,19,10,7.37183471742139,1.725205334491824,0
2021100308,1284,46152,Orlando Brown,T,53620,22,4.8547674203400755,5.482875603646339,2.301137806808246,0
2021100308,1284,52504,Lucas Niang,T,37089,22,4.347842975782345,4.903875158402122,1.4371045952065922,0
2021100308,1284,53492,Creed Humphrey,C,53502,12,8.856260098642537,7.918131040626046,2.919333112925205,0
2021100308,1284,53655,Trey Smith,G,53502,12,8.856260098642537,7.918131040626046,2.919333112925205,0
2021100308,1422,43367,Joe Thuney,G,43378,17,10,10,10,0
2021100308,1422,46152,Orlando Brown,T,44826,24,3.669133812745777,4.877417670484447,1.965394637195193,0
2021100308,1422,52504,Lucas Niang,T,46199,24,3.3017107683619193,4.669736148434145,2.1345675633432757,0
2021100308,1422,53492,Creed Humphrey,C,43378,17,10,10,10,0
2021100308,1422,53655,Trey Smith,G,38542,22,7.625812337151603,7.393892212569092,4.216397283634074,0
2021100308,1824,37266,Jason Kelce,C,43326,39,4.95691849136185,5.321515002606848,0.5381670281555175,0
2021100308,1824,47805,Andre Dillard,T,52585,40,3.104592247766476,3.7953400075050228,1.051104748654915,0
2021100308,1824,48513,Nate Herbig,G,43326,39,4.95691849136185,5.321515002606848,0.5381670281555175,0
2021100308,1824,52553,Jack Driscoll,T,40051,42,2.2799024139745905,3.3821544707894486,0.9019221876164736,1
2021100308,1824,53466,Landon Dickerson,G,43338,38,5.160514273759605,5.893822180297389,1.4361235998379918,0
2021100308,2735,37266,Jason Kelce,C,43338,14,7.5979558448303735,7.326436096868512,2.820944246213904,0
2021100308,2735,47805,Andre Dillard,T,52585,24,4.251956230023358,4.867717566139381,2.9051567203317092,0
2021100308,2735,48513,Nate Herbig,G,52792,24,3.9815598564354526,3.560591641652624,0.8176577527480855,0
2021100308,2735,52553,Jack Driscoll,T,52792,24,3.9815598564354526,3.560591641652624,0.8176577527480855,0
2021100308,2735,53466,Landon Dickerson,G,43338,14,7.5979558448303735,7.326436096868512,2.820944246213904,0
2021100308,3017,43367,Joe Thuney,G,43405,15,3.125116583911531,3.9869328475023575,2.7384018168022246,0
2021100308,3017,46152,Orlando Brown,T,53620,26,3.2541014648495183,5.220267306474029,1.0232417724078628,0
2021100308,3017,48683,Joe Fortson,TE,37089,21,3.6489521483165177,5.407167869073577,1.10902849564759,0
2021100308,3017,52504,Lucas Niang,T,53502,17,2.696627855159903,3.5413634676390964,2.1933380846536163,0
2021100308,3017,53492,Creed Humphrey,C,43405,15,3.125116583911531,3.9869328475023575,2.7384018168022246,0
2021100308,3017,53655,Trey Smith,G,53502,17,2.696627855159903,3.5413634676390964,2.1933380846536163,0
2021100308,3062,42460,Blake Bell,TE,53620,19,3.8611052800851247,5.127561451076412,2.1793896141285383,0
2021100308,3062,43367,Joe Thuney,G,43405,10,10,9.694383596908752,8.46644246073507,0
2021100308,3062,46152,Orlando Brown,T,43405,10,10,9.694383596908752,8.46644246073507,0
2021100308,3062,52504,Lucas Niang,T,37089,11,10,10,10,0
2021100308,3062,53492,Creed Humphrey,C,38542,6,10,10,10,0
2021100308,3062,53655,Trey Smith,G,38542,6,10,10,10,0
2021100308,4138,39146,Mike Remmers,T,46219,11,6.665290533549682,7.46014776171885,4.454282760516649,0
2021100308,4138,43367,Joe Thuney,G,53502,3,10,10,10,0
2021100308,4138,46152,Orlando Brown,T,46219,11,6.665290533549682,7.46014776171885,4.454282760516649,0
2021100308,4138,53492,Creed Humphrey,C,43405,1,10,10,10,0
2021100308,4138,53655,Trey Smith,G,43405,1,10,10,10,0
2021100309,221,30869,Andrew Whitworth,T,38551,23,5.4348871267380465,6.12497762587973,2.167203634090422,0
2021100309,221,42400,Rob Havenstein,T,41403,23,4.373909506498241,5.407244261885714,1.760746976650912,0
2021100309,221,46102,Austin Corbett,G,47848,23,3.5763890455499148,3.628468883047427,1.0519874063435997,0
2021100309,221,46180,Brian Allen,C,47848,23,3.5763890455499148,3.628468883047427,1.0519874063435997,0
2021100309,1131,37130,Rodney Hudson,C,46264,19,10,9.60803439261403,7.634906371495516,0
2021100309,1131,39965,Justin Pugh,G,41239,37,6.623092351434073,6.487400112517809,0.8843673280939329,0
2021100309,1131,42367,D.J. Humphries,T,52492,39,10,8.868389226402403,3.048717235688843,0
2021100309,1131,42476,Max Garcia,C,43335,34,9.240662233188981,6.6684879484441355,1.8621589659624471,0
2021100309,1131,52480,Josh Jones,G,43335,34,9.240662233188981,6.6684879484441355,1.8621589659624471,0
2021100309,2342,37130,Rodney Hudson,C,41239,10,5.542633027605915,6.335248934299482,3.409605901436316,0
2021100309,2342,39965,Justin Pugh,G,47917,22,6.192801829440614,6.60046769189395,2.2612333927766195,0
2021100309,2342,42367,D.J. Humphries,T,52492,22,3.2432409603371104,4.178660354679581,1.4377124165208548,0
2021100309,2342,42476,Max Garcia,C,41239,10,5.542633027605915,6.335248934299482,3.409605901436316,0
2021100309,2342,52480,Josh Jones,G,43298,22,4.640388673751481,4.6820413741980875,1.7518434245160737,0
2021100309,3443,30869,Andrew Whitworth,T,38551,24,2.7186214137863374,2.5867716194004915,0.6836880662899256,1
2021100309,3443,42400,Rob Havenstein,T,37084,24,4.810724687676913,4.992991606995166,0.8732272535787489,0
2021100309,3443,46102,Austin Corbett,G,37084,24,4.810724687676913,4.992991606995166,0.8732272535787489,0
2021100309,3443,46180,Brian Allen,C,42401,24,2.3797578520247136,3.537149267838997,1.0406437555992072,0
2021100309,3443,47952,David Edwards,G,38551,24,2.7186214137863374,2.5867716194004915,0.6836880662899256,0
2021100310,1391,33107,Duane Brown,T,47785,21,1.7799463671685836,2.8373743755601932,1.010482293441325,0
2021100310,1391,41310,Gabe Jackson,G,42360,21,2.373726671314993,3.7003686212979106,1.903337202073703,0
2021100310,1391,42364,Cedric Ogbuehi,T,41249,21,3.730258411645228,4.505494778024095,1.8652493503495815,0
2021100310,1391,45056,Kyle Fuller,G,52422,21,4.59370434689706,5.276041219328557,3.4149517064082917,0
2021100310,1391,52477,Damien Lewis,G,46139,21,3.2665690537686376,3.5212932219105544,2.5315677506630063,0
2021100310,2959,33107,Duane Brown,T,47785,23,2.3472657545719016,3.616854939355562,1.075845468891526,0
2021100310,2959,41310,Gabe Jackson,G,44938,20,4.839027049691846,5.785030685301861,1.829476476039822,0
2021100310,2959,42364,Cedric Ogbuehi,T,41249,24,2.965763231157027,3.8880448828023244,1.4265655471163816,0
2021100310,2959,45056,Kyle Fuller,G,44938,20,4.839027049691846,5.785030685301861,1.829476476039822,0
2021100310,2959,47987,Travis Homer,RB,48268,24,2.2621289261119943,3.8770203519827113,1.1243079272783911,0
2021100310,2959,52477,Damien Lewis,G,42360,23,2.531029590148143,3.494344732532735,0.8088457283782077,0
2021100310,3062,33107,Duane Brown,T,47785,25,2.5141008259381863,3.6285501248269374,0.7215445608361536,0
2021100310,3062,41310,Gabe Jackson,G,52422,26,3.1193893187907857,4.162483557893285,1.3717194335411895,0
2021100310,3062,42364,Cedric Ogbuehi,T,41249,25,3.229805967114679,4.318175764924828,1.192466368740953,0
2021100310,3062,45056,Kyle Fuller,G,42360,20,5.871630722025003,6.774182845296705,3.375505618510907,0
2021100310,3062,52477,Damien Lewis,G,46139,26,6.449714443878399,6.58644968011624,3.045766701395327,0
2021100310,4066,34472,Alex Mack,C,46148,29,5.937226865938381,6.403584311707093,2.8813188214101655,0
2021100310,4066,42371,Laken Tomlinson,G,46148,29,5.937226865938381,6.403584311707093,2.8813188214101655,0
2021100310,4066,45069,Daniel Brunskill,G,41786,29,4.01258271737102,5.044613798008983,0.5350435043489294,0
2021100310,4066,46078,Mike McGlinchey,T,35493,31,2.3343062023115513,4.207525912654252,1.2453897215407996,1
2021100310,4066,53584,Jaylon Moore,T,52456,20,4.7430702094406785,5.849102713073685,2.977898421895359,0
2021100311,165,38642,Bobby Massie,T,53460,38,2.1910117257797803,4.0146737209528,0,1
2021100311,165,44832,Garett Bolles,T,37145,33,2.861182844541859,3.366894016360154,0.5437963345257685,0
2021100311,165,52491,Lloyd Cushenberry,C,33131,20,10,9.332470643015544,5.470865238233648,0
2021100311,165,52589,Netane Muti,G,46958,12,7.51224474630744,7.790755634799599,5.401927412290805,0
2021100311,165,53464,Javonte Williams,RB,52436,25,2.5584885251600076,4.29475850744271,1.7407782801410534,0
2021100311,165,53527,Quinn Meinerz,G,46958,12,7.51224474630744,7.790755634799599,5.401927412290805,0
2021100311,2649,38642,Bobby Massie,T,52578,25,4.718728513454522,6.437419825236971,3.986252384932937,0
2021100311,2649,44832,Garett Bolles,T,37240,25,2.21610038694111,3.370506546565331,1.768915667603436,0
2021100311,2649,52491,Lloyd Cushenberry,C,40042,25,9.258629067044064,8.10743216436567,4.05984852026045,0
2021100311,2649,52589,Netane Muti,G,40042,25,9.258629067044064,8.10743216436567,4.05984852026045,0
2021100311,2649,53527,Quinn Meinerz,G,52479,22,7.8168679076254515,7.165857803289523,1.7648592004304104,0
2021100311,2854,34457,Andre Smith,T,42826,14,10,10,10,0
2021100311,2854,38557,Kevin Zeitler,G,40347,12,10,9.947984706778788,9.375816481345469,0
2021100311,2854,46284,Bradley Bozeman,C,40347,12,10,9.947984706778788,9.375816481345469,0
2021100311,2854,47906,Ben Powers,G,52586,15,5.384192138949195,6.401335456886596,4.187482760860418,0
2021100311,2854,48220,Patrick Mekari,G,41449,23,8.657200622537566,7.141003965884367,2.764751844117703,1
2021100311,3023,34457,Andre Smith,T,48089,22,2.652445093428391,4.3480241480811905,2.0815402261774616,0
2021100311,3023,38557,Kevin Zeitler,G,42826,23,6.028926292710223,6.404269963923729,3.115782287294525,0
2021100311,3023,46284,Bradley Bozeman,C,42826,23,6.028926292710223,6.404269963923729,3.115782287294525,0
2021100311,3023,47906,Ben Powers,G,52503,16,10,9.936873165140314,9.231118175814718,0
2021100311,3023,48220,Patrick Mekari,G,53668,23,2.8597328451263135,4.380079936494827,1.8641922492030265,0
2021100311,3951,38642,Bobby Massie,T,37240,28,2.9097162213962404,3.2076810996043434,0.43893257995876633,0
2021100311,3951,44832,Garett Bolles,T,44859,29,3.397983407626541,5.044846557101774,1.6899102276568567,0
2021100311,3951,52491,Lloyd Cushenberry,C,33131,15,4.591423357596856,5.479615727865922,3.4940655487464936,0
2021100311,3951,52589,Netane Muti,G,33131,15,4.591423357596856,5.479615727865922,3.4940655487464936,0
2021100311,3951,53527,Quinn Meinerz,G,53460,29,1.969851886661212,2.9015505228803526,1.071803890526589,1
2021100312,55,41321,Trai Turner,G,43426,18,5.044247325735215,5.09926325702458,2.70671087495139,0
2021100312,55,43444,Joe Haeg,T,47795,18,2.430892558517886,2.779208564927208,1.8810704034203585,0
2021100312,55,52543,Kevin Dotson,G,47933,18,4.87871817070347,5.416833334220717,3.1434797285071037,0
2021100312,55,53516,Kendrick Green,C,43316,18,4.078854237414907,4.106585132443804,1.710592999762249,0
2021100312,55,53557,Dan Moore,T,42381,18,2.4444038386651368,3.18026418974148,0.7119067206703457,0
2021100312,1395,41321,Trai Turner,G,43426,22,5.627785053070234,5.991845091249929,1.509212933337864,0
2021100312,1395,43444,Joe Haeg,T,43426,22,5.627785053070234,5.991845091249929,1.509212933337864,0
2021100312,1395,52543,Kevin Dotson,G,43316,16,4.5355423493513225,5.707418638475219,2.0912974206197243,0
2021100312,1395,53453,Najee Harris,RB,52979,29,4.058912834394317,4.370245355483168,1.2753804986854655,0
2021100312,1395,53484,Pat Freiermuth,TE,52979,29,4.058912834394317,4.370245355483168,1.2753804986854655,0
2021100312,1395,53516,Kendrick Green,C,43316,16,4.5355423493513225,5.707418638475219,2.0912974206197243,0
2021100312,1395,53557,Dan Moore,T,52650,31,2.793264580362816,3.639388398152949,1.717901026724851,0
2021100312,2619,41236,Eric Ebron,TE,52979,26,9.696122204512879,8.202987209139778,4.734662997735153,0
2021100312,2619,41321,Trai Turner,G,43426,29,6.241159858897538,6.1996204226259515,0.7833004981294618,0
2021100312,2619,43444,Joe Haeg,T,43426,29,6.241159858897538,6.1996204226259515,0.7833004981294618,0
2021100312,2619,52543,Kevin Dotson,G,43316,24,10,7.975827067948208,2.891115297742667,0
2021100312,2619,53453,Najee Harris,RB,52979,26,9.696122204512879,8.202987209139778,4.734662997735153,0
2021100312,2619,53516,Kendrick Green,C,43316,24,10,7.975827067948208,2.891115297742667,0
2021100312,2619,53557,Dan Moore,T,52650,30,4.191293063249953,4.7719173951463025,1.1429283087847897,0
2021100313,654,40151,Ryan Jensen,C,42433,22,8.261013248914448,7.872384890952362,3.67421066737145,0
2021100313,654,42377,Donovan Smith,T,44944,26,8.809495057906098,7.8674149310279065,2.5754454142017447,0
2021100313,654,42404,Ali Marpet,G,44944,26,8.809495057906098,7.8674149310279065,2.5754454142017447,0
2021100313,654,46107,Ronald Jones,RB,38555,23,3.0548930364577025,4.627868307317673,0.5021206066852126,1
2021100313,654,46163,Alex Cappa,G,53467,20,10,10,10,0
2021100313,654,52421,Tristan Wirfs,T,53467,20,10,10,10,0
2021100313,885,42474,Shaquille Mason,G,40074,38,4.507720901303749,4.733256244731085,1.080421296725875,0
2021100313,885,42883,David Andrews,C,35441,26,7.6442421280675035,7.755963860260547,5.333239454229592,0
2021100313,885,46092,Isaiah Wynn,T,53461,25,1.8680879903542504,3.301522445307872,0.6078067297980188,0
2021100313,885,52590,Michael Onwenu,G,35441,26,7.6442421280675035,7.755963860260547,5.333239454229592,0
2021100313,885,52603,Justin Herron,T,40074,38,4.507720901303749,4.733256244731085,1.080421296725875,1
2021100313,2135,40151,Ryan Jensen,C,53467,29,9.394621771141564,8.098335307867236,4.151499628285228,0
2021100313,2135,42377,Donovan Smith,T,43435,30,4.098577536883199,4.731954237969517,1.1587877391405277,0
2021100313,2135,42404,Ali Marpet,G,53467,29,9.394621771141564,8.098335307867236,4.151499628285228,0
2021100313,2135,46163,Alex Cappa,G,47860,30,5.1467665397346245,6.212127755401303,2.676844955605221,0
2021100313,2135,52421,Tristan Wirfs,T,47860,30,5.1467665397346245,6.212127755401303,2.676844955605221,0
2021100313,2181,40151,Ryan Jensen,C,44991,21,10,7.112348330752749,1.3416503422151544,0
2021100313,2181,42377,Donovan Smith,T,43435,19,4.734936012819641,6.066706932126111,3.0518098994557876,0
2021100313,2181,46163,Alex Cappa,G,52468,21,10,9.303740274922255,6.171607845994127,0
2021100313,2181,52421,Tristan Wirfs,T,47860,21,4.648091204314132,5.421069558254703,0.9518974987071618,0
2021100313,2203,40151,Ryan Jensen,C,44991,15,10,7.344019120983832,2.936644454172926,0
2021100313,2203,42377,Donovan Smith,T,44944,18,10,9.002636911097735,7.110271840812009,0
2021100313,2203,46163,Alex Cappa,G,52468,22,4.102962480754736,5.473072311301164,2.403276156039889,0
2021100313,2203,52421,Tristan Wirfs,T,52468,22,4.102962480754736,5.473072311301164,2.403276156039889,0
2021100313,2541,42474,Shaquille Mason,G,46081,17,5.454119100746289,6.563746280168236,5.11705886089739,0
2021100313,2541,42883,David Andrews,C,46081,17,5.454119100746289,6.563746280168236,5.11705886089739,0
2021100313,2541,43510,Ted Karras,C,35441,18,6.3671425737460865,6.289500990510897,3.992754471637637,0
2021100313,2541,46092,Isaiah Wynn,T,53461,18,5.047442305629232,5.436607341074612,2.5449351685044217,0
2021100313,2541,52603,Justin Herron,T,41915,18,2.447671567198246,2.5745043067980005,1.5404389322459304,0
2021100313,3367,40151,Ryan Jensen,C,43435,14,6.105284671621279,6.428707130911024,3.201084759004719,0
2021100313,3367,42377,Donovan Smith,T,53467,22,8.72689688941516,6.660198148841421,1.4132141203398594,0
2021100313,3367,46163,Alex Cappa,G,43435,14,6.105284671621279,6.428707130911024,3.201084759004719,0
2021100313,3367,52421,Tristan Wirfs,T,47860,22,5.928980443019736,6.513942697888097,2.581319074564258,0
2021100313,3695,42883,David Andrews,C,46081,11,2.2672064881416705,4.3920248289890305,1.0543966652161982,0
2021100313,3695,43510,Ted Karras,C,35441,12,5.778410883248759,6.4210866773478905,3.226670637979352,0
2021100313,3695,46092,Isaiah Wynn,T,53461,18,7.333548624750728,7.593195254025957,4.661435586489794,0
2021100313,3695,47870,Damien Harris,RB,37229,33,2.1238978352817592,3.7505553455575105,0.7395138643637027,1
2021100313,3695,52603,Justin Herron,T,40074,13,1.7192097456815822,3.3980824501077107,0.8957643560623963,0
2021100400,196,40089,Oday Aboushi,G,39997,8,2.597578480097156,3.916079384775001,1.5927558222406433,0
2021100400,196,41390,Corey Linsley,C,43436,14,10,8.817196434431391,4.386997573159879,0
2021100400,196,41959,Matt Feiler,G,43436,14,10,8.817196434431391,4.386997573159879,0
2021100400,196,45630,Storm Norton,T,43358,33,7.370726415408505,6.2169709509411915,1.3289406801402477,0
2021100400,196,53442,Rashawn Slater,T,47889,14,10,7.694668197044329,2.708384793570179,0
2021100400,3735,44972,Jermaine Eluemunor,G,47811,14,4.934223034783688,6.003482101725705,3.143217331643216,1
2021100400,3735,46084,Kolton Miller,T,35485,20,10,8.720624345127913,4.207316154750464,0
2021100400,3735,48235,Andre James,C,47811,14,4.934223034783688,6.003482101725705,3.143217331643216,0
2021100400,3735,52517,John Simpson,G,47811,14,4.934223034783688,6.003482101725705,3.143217331643216,0
2021100400,3735,53446,Alex Leatherwood,T,47913,21,1.7489476526520404,2.3460526018026933,0.8334214124551759,0
2021100700,799,30869,Andrew Whitworth,T,46148,29,5.154032859983521,5.482539687921137,2.227077740389249,0
2021100700,799,42400,Rob Havenstein,T,52456,29,4.891452301183189,5.969414023144246,3.0165617680755172,0
2021100700,799,46102,Austin Corbett,G,46487,29,4.1186247256534525,5.035803426270506,2.341668423574013,0
2021100700,799,46180,Brian Allen,C,35562,26,5.95830482775489,6.617764250426199,2.382442458816606,0
2021100700,799,47952,David Edwards,G,46148,29,5.154032859983521,5.482539687921137,2.227077740389249,0
2021100700,2185,30869,Andrew Whitworth,T,46148,30,3.0407644639774043,3.978092465558195,1.9822347009887615,0
2021100700,2185,42400,Rob Havenstein,T,41786,19,8.795031462073792,6.596233478437523,2.152906552757624,0
2021100700,2185,46102,Austin Corbett,G,35562,17,5.76118501765086,6.787170524327092,3.9639812672325054,0
2021100700,2185,46180,Brian Allen,C,35562,17,5.76118501765086,6.787170524327092,3.9639812672325054,0
2021100700,2185,47952,David Edwards,G,46487,30,4.800102687565478,4.718589195054866,1.1062539576223327,0
2021100700,3119,33107,Duane Brown,T,46229,27,3.400326884444026,4.334122931361836,2.1721049544525175,0
2021100700,3119,41310,Gabe Jackson,G,47917,20,5.3474030613189285,6.292437335989838,2.800524853544927,0
2021100700,3119,43447,Brandon Shell,T,47917,20,5.3474030613189285,6.292437335989838,2.800524853544927,0
2021100700,3119,45056,Kyle Fuller,G,47917,20,5.3474030613189285,6.292437335989838,2.800524853544927,0
2021100700,3119,52477,Damien Lewis,G,48780,27,6.606918364289462,6.800121780541531,2.887103063086806,0
2021101000,197,37234,Lee Smith,TE,43308,9,5.6414081784604075,6.246297539846187,2.8290128304670645,0
2021101000,197,39975,Cordarrelle Patterson,RB,48247,14,4.608888362684503,5.200460413789913,1.3627576802583432,0
2021101000,197,41232,Jake Matthews,T,46141,2,10,10,10,0
2021101000,197,46094,Hayden Hurst,TE,46141,2,10,10,10,0
2021101000,197,47797,Chris Lindstrom,G,48247,14,4.608888362684503,5.200460413789913,1.3627576802583432,0
2021101000,197,47814,Kaleb McGary,T,53575,11,10,10,10,0
2021101000,197,52486,Matt Hennessy,C,43301,4,10,9.61059257254935,8.4423702901974,0
2021101000,197,53497,Jalen Mayfield,G,46141,2,10,10,10,0
2021101000,715,39975,Cordarrelle Patterson,RB,43301,10,5.963805417459099,6.233874103931147,2.214269386994686,0
2021101000,715,41232,Jake Matthews,T,53053,10,10,10,10,0
2021101000,715,47797,Chris Lindstrom,G,43301,10,5.963805417459099,6.233874103931147,2.214269386994686,0
2021101000,715,47814,Kaleb McGary,T,43301,10,5.963805417459099,6.233874103931147,2.214269386994686,0
2021101000,715,52486,Matt Hennessy,C,46249,6,8.83215969201081,8.518354927399317,6.195821611875196,0
2021101000,715,53497,Jalen Mayfield,G,46249,6,8.83215969201081,8.518354927399317,6.195821611875196,0
2021101000,2362,41232,Jake Matthews,T,53053,33,5.371876091939053,6.035728553163762,2.186372924100895,0
2021101000,2362,47797,Chris Lindstrom,G,43301,18,9.467652192524175,8.558859482819003,5.454011066764273,0
2021101000,2362,47814,Kaleb McGary,T,46204,23,10,8.16073326643849,3.7862729387548906,0
2021101000,2362,52486,Matt Hennessy,C,43301,18,9.467652192524175,8.558859482819003,5.454011066764273,0
2021101000,2362,53497,Jalen Mayfield,G,47786,33,4.371358175785856,5.354436084502889,0.5008053958601354,1
2021101000,2648,41232,Jake Matthews,T,53053,20,3.3844891540636066,4.536507791530062,1.816305458850036,0
2021101000,2648,42469,Mike Davis,RB,53575,20,8.812565791257924,8.005407920758216,4.852020199038028,0
2021101000,2648,47797,Chris Lindstrom,G,46141,15,10,9.640333901107615,7.235876153999897,0
2021101000,2648,47814,Kaleb McGary,T,46141,15,10,9.640333901107615,7.235876153999897,0
2021101000,2648,52486,Matt Hennessy,C,47786,20,7.764804818278517,7.798951233192231,4.950921108450255,0
2021101000,2648,53497,Jalen Mayfield,G,47786,20,7.764804818278517,7.798951233192231,4.950921108450255,0
2021101000,2722,41232,Jake Matthews,T,43308,18,5.955795912869199,6.816108770367471,4.426029072073693,0
2021101000,2722,44953,Wayne Gallman,RB,46204,14,6.773503801618865,6.05301496748102,1.1290799393645767,0
2021101000,2722,47797,Chris Lindstrom,G,46249,2,10,10,10,0
2021101000,2722,47814,Kaleb McGary,T,46249,2,10,10,10,0
2021101000,2969,41232,Jake Matthews,T,43308,25,8.981955904908085,7.778344483618075,4.038381415501062,0
2021101000,2969,41808,Keith Smith,FB,46204,12,10,9.695055597371695,7.047862872093952,0
2021101000,2969,47797,Chris Lindstrom,G,43301,9,6.689099816850993,7.024942663928837,4.828921001446654,0
2021101000,2969,47814,Kaleb McGary,T,43301,9,6.689099816850993,7.024942663928837,4.828921001446654,0
2021101000,2969,52486,Matt Hennessy,C,47786,10,10,10,10,0
2021101000,2969,53497,Jalen Mayfield,G,47786,10,10,10,10,0
2021101000,3361,39684,Greg Van Roten,G,42480,12,10,8.962228968998584,5.973558508115417,0
2021101000,3361,41295,Morgan Moses,T,40095,14,10,10,10,0
2021101000,3361,43433,Connor McGovern,C,42497,20,9.437493519691659,8.206579395864217,3.114697396482284,0
2021101000,3361,43586,George Fant,T,53611,20,3.2131474157682445,4.593485283280861,2.5708374245244534,0
2021101000,3361,53443,Alijah Vera-Tucker,G,53611,20,3.2131474157682445,4.593485283280861,2.5708374245244534,0
2021101001,1251,41436,Matt Paradis,C,43378,20,6.5821931733801575,5.478602308255721,0.9680620573597958,0
2021101001,1251,42424,John Miller,G,38542,22,6.062076767277367,5.60284105751008,0.5037670430834938,1
2021101001,1251,44876,Taylor Moton,T,44826,25,4.9529889678769585,4.981504900261187,0.47678413069028336,0
2021101001,1251,47995,Dennis Daley,G,43378,20,6.5821931733801575,5.478602308255721,0.9680620573597958,0
2021101001,1251,53499,Brady Christensen,T,46199,26,6.8959159915694475,6.275677536818267,1.4833992246476924,0
2021101001,2019,41436,Matt Paradis,C,38542,19,9.598842815628524,7.867613848526173,2.883916651011302,0
2021101001,2019,42424,John Miller,G,38542,19,9.598842815628524,7.867613848526173,2.883916651011302,0
2021101001,2019,44876,Taylor Moton,T,44826,19,3.584983339967694,4.9499537332394,1.056032923723794,0
2021101001,2019,47995,Dennis Daley,G,43378,16,10,7.750798213288987,1.6122395517114263,0
2021101001,2019,53499,Brady Christensen,T,46199,19,2.819526689850303,4.193026382128586,2.044354562396535,0
2021101001,3748,37266,Jason Kelce,C,43791,16,5.752199220109982,6.627759304888595,2.9742930482855754,0
2021101001,3748,46302,Jordan Mailata,T,44825,29,4.048376419650553,4.1085441675760865,0.8816645069954778,0
2021101001,3748,47805,Andre Dillard,T,47799,22,2.453533857363853,4.321037134605153,1.7493526995767217,1
2021101001,3748,52553,Jack Driscoll,T,52446,20,9.998919562285954,8.312366345175633,3.9830626325967935,0
2021101001,3748,53466,Landon Dickerson,G,43791,16,5.752199220109982,6.627759304888595,2.9742930482855754,0
2021101002,154,41296,Billy Turner,T,43455,15,10,9.02176004092362,4.026180783445869,0
2021101002,154,44068,Lucas Patrick,G,44877,7,10,10,10,0
2021101002,154,52600,Jon Runyan,G,44877,7,10,10,10,0
2021101002,154,53571,Royce Newman,T,43455,15,10,9.02176004092362,4.026180783445869,0
2021101002,680,38553,Riley Reiff,T,53602,11,9.651766031079154,8.593335960998656,5.879331288225118,0
2021101002,680,41619,Trey Hopkins,C,46438,11,6.262563778062203,6.872799707877874,4.664878043100544,0
2021101002,680,43045,Quinton Spain,G,43426,10,10,10,10,0
2021101002,680,53475,Jackson Carman,G,53602,11,9.651766031079154,8.593335960998656,5.879331288225118,0
2021101002,968,41296,Billy Turner,T,46146,25,5.252263120870409,6.074115074584887,4.2253009503549945,0
2021101002,968,44068,Lucas Patrick,G,43455,16,7.483318431125753,7.591706716504267,4.572314470049815,0
2021101002,968,48181,Yosuah Nijman,T,48145,14,3.8149829283054064,5.277516789116817,1.4237304034607094,0
2021101002,968,52600,Jon Runyan,G,46138,17,10,8.290943018472857,4.739553277062154,0
2021101002,968,53571,Royce Newman,T,43455,16,7.483318431125753,7.591706716504267,4.572314470049815,0
2021101002,3033,38553,Riley Reiff,T,43316,8,10,10,10,0
2021101002,3033,41619,Trey Hopkins,C,47933,22,6.824692292108248,6.67372742239216,3.302081437825075,0
2021101002,3033,43045,Quinton Spain,G,47933,22,6.824692292108248,6.67372742239216,3.302081437825075,0
2021101002,3033,44927,Samaje Perine,RB,46157,19,5.070019880851378,5.707414242465836,2.0156723358334308,0
2021101002,3033,47794,Jonah Williams,T,47795,22,1.7528620241497048,3.470413414398415,1.538177342187966,0
2021101002,3377,38553,Riley Reiff,T,47795,24,2.054580703860416,3.913041103601805,1.1143023811128216,0
2021101002,3377,41619,Trey Hopkins,C,47933,24,6.196939358362222,6.713769976276119,3.0152771579616933,0
2021101002,3377,43045,Quinton Spain,G,52650,24,3.5677271061133204,4.398060681748933,1.306366974437153,0
2021101002,3377,47794,Jonah Williams,T,42381,21,4.197681923037528,4.975247541624922,1.1325064416117707,0
2021101002,3377,53475,Jackson Carman,G,47933,24,6.196939358362222,6.713769976276119,3.0152771579616933,0
2021101002,3423,38553,Riley Reiff,T,47933,17,9.63016957094197,8.386134648436206,6.027879301874277,0
2021101002,3423,41619,Trey Hopkins,C,43316,13,3.8744750728715975,5.014685009363149,2.7209208848729944,0
2021101002,3423,43045,Quinton Spain,G,42381,21,3.123591436960434,4.769121817782484,0.6770478876893853,1
2021101002,3423,47794,Jonah Williams,T,42381,21,3.123591436960434,4.769121817782484,0.6770478876893853,0
2021101002,3423,53475,Jackson Carman,G,43316,13,3.8744750728715975,5.014685009363149,2.7209208848729944,0
2021101003,1753,41069,James Ferentz,C,44863,27,10,7.338370690840607,2.1073907301000925,0
2021101003,1753,42883,David Andrews,C,43356,18,10,7.955241868720163,3.879257690001665,0
2021101003,1753,43510,Ted Karras,C,43356,18,10,7.955241868720163,3.879257690001665,0
2021101003,1753,47884,Yodny Cajuste,T,52498,26,3.9659640166313723,4.716667757631229,1.208102264298625,0
2021101003,1753,52603,Justin Herron,T,46255,29,4.772046059539839,5.94689978505563,3.6495388118720777,0
2021101003,2523,41293,Justin Britt,C,42433,5,10,10,10,0
2021101003,2523,45321,Antony Auclair,TE,43435,7,2.5326770030848595,3.6571635031606737,1.414273306264931,0
2021101003,2523,47806,Tytus Howard,T,53467,16,9.862470843583626,7.753949081069724,2.0809944266793976,0
2021101003,2523,47838,Max Scharping,G,42433,5,10,10,10,0
2021101003,2523,52534,Charlie Heck,T,37308,7,3.679228595207273,4.825895261828675,2.186730820969391,0
2021101003,3280,41293,Justin Britt,C,53467,22,5.34624046381356,6.5570412098684665,3.7441353985859234,0
2021101003,3280,46143,Geron Christian,T,43435,30,2.5559883516630246,3.7976253075078996,2.0988507382502815,0
2021101003,3280,47806,Tytus Howard,T,38555,16,6.821274099505911,7.504460974704446,4.714352712173845,0
2021101003,3280,47838,Max Scharping,G,53467,22,5.34624046381356,6.5570412098684665,3.7441353985859234,0
2021101003,3280,52534,Charlie Heck,T,41269,29,10,6.778337002964462,1.6993898179800078,0
2021101003,3879,46143,Geron Christian,T,44944,26,7.527748799477162,7.446448037788912,3.4087572137130846,0
2021101003,3879,47806,Tytus Howard,T,44944,26,7.527748799477162,7.446448037788912,3.4087572137130846,0
2021101003,3879,52534,Charlie Heck,T,43435,12,6.855368652457135,7.1438893684456435,3.8814932252406735,0
2021101004,77,41322,Brandon Linder,G,53073,10,2.5403007945493954,3.810701516764984,1.893002647385965,0
2021101004,77,41939,Andrew Norwell,G,48663,9,6.563833163444671,7.510385491285893,5.437857612296092,0
2021101004,77,44846,Cam Robinson,T,48663,9,6.563833163444671,7.510385491285893,5.437857612296092,0
2021101004,77,47818,Jawaan Taylor,T,42031,27,3.8070163342510326,3.8848726887841165,0.837346931953571,0
2021101004,77,52524,Ben Bartch,T,47802,22,3.941317877108512,4.722362390916433,0.6685144649338571,1
2021101004,585,41322,Brandon Linder,G,53900,20,7.258233016415673,6.95974625498651,2.688689944655972,0
2021101004,585,41939,Andrew Norwell,G,42031,10,9.94729352925729,8.863286503758339,6.224582913662569,0
2021101004,585,44846,Cam Robinson,T,46110,24,2.334594321088984,3.610967518406284,1.883491085419204,0
2021101004,585,47818,Jawaan Taylor,T,40077,24,3.6922093698038125,4.527237846714538,2.630425167003817,0
2021101004,585,52524,Ben Bartch,T,47802,18,9.589155340563632,7.396113604836285,3.275927238851134,0
2021101004,770,35472,Rodger Saffold,G,43325,17,3.034063133311566,4.57552231127175,1.7673868436288698,0
2021101004,770,38629,Ben Jones,C,42470,13,3.163479132612716,4.502541856094323,2.043043391944987,0
2021101004,770,40124,David Quessenberry,G,44880,28,4.537166672887112,4.140401100920104,0.3702911904490606,0
2021101004,770,41237,Taylor Lewan,T,43333,28,3.323635945369871,4.4955173205740175,1.1802191211463011,0
2021101004,770,44975,Jeremy McNichols,RB,44926,18,2.130740489231897,4.118288139897799,1.0265307354835735,0
2021101004,770,45355,Anthony Firkser,TE,47790,27,2.147471441406399,2.9763804479102496,0.3797512044140416,1
2021101004,770,47865,Nate Davis,G,43352,27,7.362560550092812,7.148213895568417,3.203092441297631,0
2021101004,3129,41322,Brandon Linder,G,47802,25,10,9.986159917142556,9.65399792856389,0
2021101004,3129,41939,Andrew Norwell,G,47802,25,10,9.986159917142556,9.65399792856389,0
2021101004,3129,42302,Chris Manhertz,TE,42031,42,6.825979511794812,6.9563955098783214,3.167077168469371,0
2021101004,3129,44846,Cam Robinson,T,46110,23,8.390366013204519,8.071343392444227,4.467399082591519,0
2021101004,3129,47818,Jawaan Taylor,T,53073,15,10,9.457814822447999,6.8673645443211635,0
2021101004,3129,52524,Ben Bartch,T,47802,25,10,9.986159917142556,9.65399792856389,0
2021101004,3239,41286,Carlos Hyde,RB,47802,12,5.332020326124416,6.393033689521455,2.845930174155793,0
2021101004,3239,41322,Brandon Linder,G,53900,7,9.836804376412076,7.6151735812277614,3.7686861042320583,0
2021101004,3239,41939,Andrew Norwell,G,47802,12,5.332020326124416,6.393033689521455,2.845930174155793,0
2021101004,3239,42302,Chris Manhertz,TE,48663,7,10,8.631847513360801,5.8411735106462315,0
2021101004,3239,44846,Cam Robinson,T,47802,12,5.332020326124416,6.393033689521455,2.845930174155793,0
2021101004,3239,47818,Jawaan Taylor,T,48663,7,10,8.631847513360801,5.8411735106462315,0
2021101004,3239,52524,Ben Bartch,T,53073,7,10,10,10,0
2021101004,3515,41665,Tyler Shatley,G,53073,11,10,10,10,0
2021101004,3515,41939,Andrew Norwell,G,47802,21,3.97755076132929,5.220615135939985,3.048124271235059,0
2021101004,3515,44846,Cam Robinson,T,47802,21,3.97755076132929,5.220615135939985,3.048124271235059,0
2021101004,3515,45281,Jacob Hollister,TE,46110,30,4.200742887707923,5.474948122481869,2.2887491369777893,0
2021101004,3515,47818,Jawaan Taylor,T,42031,40,3.300976679777573,4.074849883113038,1.4352438736603172,0
2021101004,3515,52524,Ben Bartch,T,53073,11,10,10,10,0
2021101004,3956,41665,Tyler Shatley,G,41387,27,4.098050578750039,5.674368082809333,3.0549584894028357,0
2021101004,3956,41939,Andrew Norwell,G,41387,27,4.098050578750039,5.674368082809333,3.0549584894028357,0
2021101004,3956,44846,Cam Robinson,T,46457,29,2.8694506291589312,4.085897979415511,0.872950456246525,0
2021101004,3956,47818,Jawaan Taylor,T,45533,34,4.787511525818603,4.318997570278716,0.6792059012382337,0
2021101004,3956,52524,Ben Bartch,T,48663,15,4.406527601497348,5.796876302394691,2.7886493582732013,0
2021101005,402,43640,Rashod Hill,T,42444,18,5.770029893687445,6.2995027022935135,3.637616248850016,0
2021101005,402,46131,Brian O'Neill,T,44834,7,10,10,10,0
2021101005,402,47801,Garrett Bradbury,C,53501,7,9.31593236702014,8.503292000813813,3.932540556805297,0
2021101005,402,47976,Olisaemeka Udoh,T,53470,1,10,10,10,0
2021101005,402,52466,Ezra Cleveland,G,38544,10,8.853449790227364,7.61693091006602,2.53518893865554,0
2021101005,807,43453,Halapoulivaati Vaitai,G,39959,30,3.8747702454006845,4.201032074380913,0.7999846157785535,1
2021101005,807,46679,Evan Brown,C,52538,26,7.490324390695428,7.633344514780037,4.7011015941936325,0
2021101005,807,48455,Matt Nelson,T,42431,29,3.4513869032638533,4.496451624575746,0.5576278962875121,1
2021101005,807,52483,Jonah Jackson,G,52538,26,7.490324390695428,7.633344514780037,4.7011015941936325,0
2021101005,807,53436,Penei Sewell,T,35539,30,2.9617281511514024,3.8352934783075168,0,1
2021101005,1597,43453,Halapoulivaati Vaitai,G,42388,27,4.349221757713162,5.0080235530360895,2.5890253476806264,0
2021101005,1597,46679,Evan Brown,C,44867,24,10,7.125159361301978,0.9677410942717846,0
2021101005,1597,48455,Matt Nelson,T,42431,27,3.4586979428426186,4.665140162364725,0.5457235137354688,1
2021101005,1597,52443,D'Andre Swift,RB,41235,19,3.326911642718761,4.880330323926385,0.6832572298237612,0
2021101005,1597,52483,Jonah Jackson,G,47973,14,3.9216097376365955,5.515442816164407,1.977243832443368,0
2021101005,1597,53436,Penei Sewell,T,35539,27,2.9479499815874823,4.027623622554889,0.5112737486972406,1
2021101005,2779,43453,Halapoulivaati Vaitai,G,39959,10,3.500257912416247,5.193651957539632,2.356749826043039,0
2021101005,2779,46679,Evan Brown,C,52538,6,4.436560998894228,5.371290316397445,2.853673782726575,0
2021101005,2779,47791,T.J. Hockenson,TE,43516,10,3.4545529902348218,4.5812365830272634,1.7360719878835145,0
2021101005,2779,48455,Matt Nelson,T,39959,10,3.500257912416247,5.193651957539632,2.356749826043039,0
2021101005,2779,52483,Jonah Jackson,G,52538,6,4.436560998894228,5.371290316397445,2.853673782726575,0
2021101005,2779,53436,Penei Sewell,T,52525,8,3.3320000107137178,4.597868255075987,1.9690800099068728,0
2021101006,2026,38642,Bobby Massie,T,44842,18,8.584578329901003,8.61946569902507,6.53501277249883,0
2021101006,2026,43384,Graham Glasgow,G,44886,22,6.211725644747095,5.720624973362173,0.8943609895116791,0
2021101006,2026,44832,Garett Bolles,T,52510,24,6.1884735004610985,5.980565773417647,1.753681939200478,0
2021101006,2026,47803,Noah Fant,TE,45395,31,5.848850375830378,5.095690925284642,0.647689281955176,1
2021101006,2026,47824,Dalton Risner,G,37104,25,8.030066264536707,6.3878415816519585,1.5242238411226,0
2021101006,2026,52491,Lloyd Cushenberry,C,37104,25,8.030066264536707,6.3878415816519585,1.5242238411226,0
2021101007,106,42924,Jesse Davis,T,35441,22,10,7.460723957525176,1.552820855671068,0
2021101007,106,42954,Greg Mancz,C,46081,12,8.348639814948747,7.364656331170108,3.5679377442631903,0
2021101007,106,52426,Austin Jackson,T,40074,13,10,6.8729822524204085,1.5589569289626362,0
2021101007,106,52447,Robert Hunt,G,35441,22,10,7.460723957525176,1.552820855671068,0
2021101007,106,53471,Liam Eichenberg,T,40074,13,10,6.8729822524204085,1.5589569289626362,0
2021101007,600,42924,Jesse Davis,T,35454,31,7.686883645405161,7.023929441442669,1.3230306862545649,0
2021101007,600,42954,Greg Mancz,C,42560,30,2.876537545374564,3.8119867736246196,1.1796621713326043,1
2021101007,600,52426,Austin Jackson,T,34777,29,4.165714282121951,4.481460540740006,0.32139775867509907,0
2021101007,600,52447,Robert Hunt,G,53461,31,3.4057254835476582,4.728257100053979,2.3590535124179852,0
2021101007,600,53471,Liam Eichenberg,T,34777,29,4.165714282121951,4.481460540740006,0.32139775867509907,0
2021101007,1994,42924,Jesse Davis,T,35454,25,7.288781656014108,7.770223382080795,4.567863179044919,0
2021101007,1994,42954,Greg Mancz,C,35441,35,6.926773619234818,6.900136796134404,2.6254793004045993,0
2021101007,1994,52426,Austin Jackson,T,40074,17,9.27007441530068,8.738401131033486,5.582524495495223,0
2021101007,1994,52447,Robert Hunt,G,38588,30,2.7113010566909157,4.226489866482667,1.0876056144459334,0
2021101007,1994,53471,Liam Eichenberg,T,40074,17,9.27007441530068,8.738401131033486,5.582524495495223,0
2021101008,155,41532,James Hurst,T,52637,30,3.806517650766467,4.727683274653465,2.995662244608277,0
2021101008,155,42356,Andrus Peat,G,44829,30,3.6191176334139508,3.591079432955087,0.5117402822559537,1
2021101008,155,44844,Ryan Ramczyk,T,52410,30,4.506662027602971,4.989870602574324,1.619781077499464,0
2021101008,155,52432,Cesar Ruiz,G,46082,14,6.825809791942924,7.679611353626219,5.121579990168695,0
2021101008,155,52666,Calvin Throckmorton,T,43441,30,5.775378269028932,5.580054789239001,1.7596393883378736,0
2021101008,552,41475,Charles Leno,T,37097,12,3.1050953935091545,4.129246929707709,2.4838704095923507,0
2021101008,552,42352,Ereck Flowers,G,37097,12,3.1050953935091545,4.129246929707709,2.4838704095923507,0
2021101008,552,53480,Samuel Cosmi,T,48537,26,3.7383136936919965,4.827796751794042,2.014050810406059,0
2021101008,993,41475,Charles Leno,T,53457,29,4.000970401086486,4.376629460698638,0.6741256552391247,0
2021101008,993,42352,Ereck Flowers,G,48599,24,8.827356370839592,6.833011279361437,2.3057064402324854,0
2021101008,993,43484,Wes Schweitzer,G,48544,21,5.764458450410945,6.106627143984052,2.825654138092443,0
2021101008,993,45012,Chase Roullier,C,48544,21,5.764458450410945,6.106627143984052,2.825654138092443,0
2021101008,993,53480,Samuel Cosmi,T,37097,26,3.5480977063125936,3.7619108569316224,1.4183803041833232,0
2021101008,1074,44844,Ryan Ramczyk,T,52410,7,1.62496788985039,3.15117739927468,0.7909375092324608,0
2021101008,2743,41475,Charles Leno,T,48544,4,10,10,10,0
2021101008,2743,41563,Cornelius Lucas,T,44905,3,10,10,10,0
2021101008,2743,42352,Ereck Flowers,G,48544,4,10,10,10,0
2021101008,2743,43484,Wes Schweitzer,G,48537,20,4.804788468738802,5.8290974133699,2.69035685609671,0
2021101008,2743,45012,Chase Roullier,C,44905,3,10,10,10,0
2021101008,2743,52474,Antonio Gibson,RB,48537,20,4.804788468738802,5.8290974133699,2.69035685609671,0
2021101008,3283,41475,Charles Leno,T,48537,16,10,8.286008683106441,4.1364770003247,0
2021101008,3283,41563,Cornelius Lucas,T,53457,26,4.924875735021294,6.0393496133236875,3.111690554500416,0
2021101008,3283,42352,Ereck Flowers,G,44905,6,10,10,10,0
2021101008,3283,43484,Wes Schweitzer,G,48544,12,10,8.539732989825355,5.5963227282749894,0
2021101008,3283,45012,Chase Roullier,C,48544,12,10,8.539732989825355,5.5963227282749894,0
2021101009,1436,41324,Michael Schofield,G,38667,28,6.417818588661548,6.813737421385546,2.5534124534322147,0
2021101009,1436,41390,Corey Linsley,C,44838,45,3.6870727728605575,4.066051957299908,1.2183151029569492,0
2021101009,1436,41959,Matt Feiler,G,44847,50,1.8637232717016805,3.7436325580789096,0,1
2021101009,1436,45630,Storm Norton,T,38667,28,6.417818588661548,6.813737421385546,2.5534124534322147,0
2021101009,1436,53442,Rashawn Slater,T,44813,50,2.2129979883602404,3.7389635550289215,0,1
2021101009,2208,41324,Michael Schofield,G,44847,26,5.711057771517763,5.435754704573541,1.250331733533362,0
2021101009,2208,41390,Corey Linsley,C,38667,21,10,8.60006966249268,4.941719344316258,0
2021101009,2208,41959,Matt Feiler,G,38667,21,10,8.60006966249268,4.941719344316258,0
2021101009,2208,45630,Storm Norton,T,44838,26,2.383616801049282,3.8074154247267407,0.5087312160528742,0
2021101009,2208,53442,Rashawn Slater,T,44813,26,3.880815786806923,5.048335553655998,2.785254908336963,0
2021101009,3818,41324,Michael Schofield,G,44847,16,8.830710377845485,8.213404205769255,4.945601314564355,0
2021101009,3818,41390,Corey Linsley,C,44847,16,8.830710377845485,8.213404205769255,4.945601314564355,0
2021101009,3818,41959,Matt Feiler,G,38667,22,8.109100927020737,7.608697312856386,3.975834323111984,0
2021101009,3818,45630,Storm Norton,T,44838,25,2.3456107437842597,3.2152510621172263,0.5179801905130329,1
2021101009,3818,53442,Rashawn Slater,T,44813,25,2.2757507996611124,3.253530970512033,0.8417323965640634,0
2021101009,4496,40070,J.C. Tretter,C,47811,23,10,9.255499488245004,6.85492381133989,0
2021101009,4496,41264,Joel Bitonio,G,47811,23,10,9.255499488245004,6.85492381133989,0
2021101009,4496,46235,Wyatt Teller,G,46117,26,4.5323689035179635,4.724486766434239,1.0712546604557136,0
2021101009,4496,48485,Blake Hance,G,43292,25,3.759413562116926,5.00806063693185,2.4366223447517177,0
2021101009,4496,53539,James Hudson,T,43377,26,2.2120143882821224,3.71445361987989,1.1547579280284563,0
2021101010,412,46084,Kolton Miller,T,37087,24,10,7.416329233484985,2.86975927237906,0
2021101010,412,46134,Brandon Parker,T,41231,36,3.4334725528366765,4.861560874789921,1.6617837518220602,1
2021101010,412,48235,Andre James,C,42382,23,6.978530930412311,6.489152079351774,2.88760527328404,0
2021101010,412,52517,John Simpson,G,46214,27,2.654451491176216,4.174337936919642,1.8326023179149076,1
2021101010,412,53446,Alex Leatherwood,T,41231,36,3.4334725528366765,4.861560874789921,1.6617837518220602,1
2021101010,3957,46084,Kolton Miller,T,37087,50,4.517611380112365,4.93300533033639,2.5020469722587197,1
2021101010,3957,46134,Brandon Parker,T,41231,35,5.801665697616427,6.283615225910422,2.3379037171368195,0
2021101010,3957,48235,Andre James,C,46214,42,4.049396775216055,5.547147289036527,1.302851752426314,0
2021101010,3957,52517,John Simpson,G,42443,27,6.2137949131947545,6.745169454254109,2.7089938282986834,0
2021101010,3957,53446,Alex Leatherwood,T,41231,35,5.801665697616427,6.283615225910422,2.3379037171368195,0
2021101010,3990,46084,Kolton Miller,T,46214,33,4.165702289174142,4.728884125064895,1.573383708645684,1
2021101010,3990,46134,Brandon Parker,T,41231,23,3.1943269670026075,4.9985773458845895,1.932274852430462,0
2021101010,3990,48235,Andre James,C,37087,24,10,8.618316573787709,3.839605503066565,0
2021101010,3990,52517,John Simpson,G,46214,33,4.165702289174142,4.728884125064895,1.573383708645684,0
2021101010,3990,53446,Alex Leatherwood,T,42443,32,4.542079224066372,5.597197040064134,2.632129706764748,1
2021101011,719,34472,Alex Mack,C,52539,29,5.705392623330169,5.727247489970116,1.818024134823007,0
2021101011,719,35443,Trent Williams,T,47848,28,2.567552561337445,4.093416385841883,1.7453067661550885,0
2021101011,719,42371,Laken Tomlinson,G,35522,27,4.798937961869122,5.641416868393474,1.9705244603912189,0
2021101011,719,45069,Daniel Brunskill,G,52539,29,5.705392623330169,5.727247489970116,1.818024134823007,0
2021101011,719,46078,Mike McGlinchey,T,37084,28,3.3350582938855178,3.973364241285906,1.3772465775271496,0
2021101011,719,46331,Ross Dwelley,TE,42401,25,1.95334521427299,3.544818376715404,1.11958390757846,0
2021101011,719,53623,Elijah Mitchell,RB,37084,28,3.3350582938855178,3.973364241285906,1.3772465775271496,0
2021101011,1501,34472,Alex Mack,C,35522,21,10,9.874594620334387,8.696396904858638,0
2021101011,1501,35443,Trent Williams,T,42401,27,2.9572345848378774,4.810600725304911,2.2571142616444737,0
2021101011,1501,42371,Laken Tomlinson,G,35522,21,10,9.874594620334387,8.696396904858638,0
2021101011,1501,46078,Mike McGlinchey,T,47848,28,2.2062349798865486,3.1001172084616755,0.7320069903676016,0
2021101011,1625,37130,Rodney Hudson,C,52422,17,6.644870418478203,7.2178226870791775,4.852015056283698,0
2021101011,1625,38779,Kelvin Beachum,T,46156,29,3.2867315907422503,4.942919075937445,1.2803038202212336,0
2021101011,1625,39965,Justin Pugh,G,52422,17,6.644870418478203,7.2178226870791775,4.852015056283698,0
2021101011,1625,42367,D.J. Humphries,T,44938,30,3.940258148121613,4.080661225808933,1.226560021879306,0
2021101011,1625,52480,Josh Jones,G,46197,21,5.51584258596324,5.551747091244804,2.1124737736125843,0
2021101011,2903,38779,Kelvin Beachum,T,44938,18,8.650690879540491,7.710758497410194,4.402465226383443,0
2021101011,2903,39965,Justin Pugh,G,42360,18,7.257907775538598,7.318553343908476,4.088620896128706,0
2021101011,2903,42367,D.J. Humphries,T,41249,31,4.845995172024363,5.65645567910246,1.405445100823529,0
2021101011,2903,42476,Max Garcia,C,42360,18,7.257907775538598,7.318553343908476,4.088620896128706,0
2021101011,2903,46203,Chase Edmonds,RB,53609,48,2.2842204368337153,3.5779348308622985,0.8896135592095403,0
2021101011,2903,52480,Josh Jones,G,44938,18,8.650690879540491,7.710758497410194,4.402465226383443,0
2021101012,1455,37082,Tyron Smith,T,42349,20,10,8.249483022919824,3.270203843705106,0
2021101012,1455,41242,Zack Martin,G,47800,13,9.185388883465986,8.381093031569462,5.249767457515017,0
2021101012,1455,52554,Tyler Biadasz,C,43332,20,10,8.952575224778455,6.154176949336608,0
2021101012,1520,37082,Tyron Smith,T,53479,28,5.678398263042011,6.540305738844054,3.36505920093461,0
2021101012,1520,41242,Zack Martin,G,53876,26,9.670606277462493,7.043186996524505,1.1541787985236212,0
2021101012,1520,46119,Connor Williams,G,42349,22,9.4935270143094,6.940245460451987,2.023356550228455,0
2021101012,1520,52554,Tyler Biadasz,C,42349,22,9.4935270143094,6.940245460451987,2.023356550228455,0
2021101012,1520,52938,Terence Steele,T,47878,26,2.8501877765163357,4.401222557846562,0.8119167215314629,0
2021101012,2072,37082,Tyron Smith,T,46135,33,4.6049911576334,4.917235170997442,1.2022387894623396,0
2021101012,2072,41242,Zack Martin,G,43332,24,6.368729947565991,5.608646331528826,0.7069328658357921,0
2021101012,2072,46119,Connor Williams,G,42355,15,4.17173946598594,5.2557089671024055,1.820696508269644,0
2021101012,2072,52554,Tyler Biadasz,C,43332,24,6.368729947565991,5.608646331528826,0.7069328658357921,0
2021101012,2072,52938,Terence Steele,T,42349,20,6.470692811720198,6.502572618961567,2.4914283261040566,0
2021101012,2633,37082,Tyron Smith,T,53479,20,3.1529858499042716,4.388245594164545,2.0158838016195793,0
2021101012,2633,41242,Zack Martin,G,47878,20,3.2676228529757676,3.7625216154614565,2.1306327483607888,0
2021101012,2633,46119,Connor Williams,G,42349,20,10,7.874569668163727,2.1620475576854328,0
2021101012,2633,52554,Tyler Biadasz,C,47800,20,3.229640422847331,3.3350737272728534,0.952415347080099,0
2021101012,2633,52938,Terence Steele,T,40031,20,2.266514488388234,2.3557768114611406,1.6359970315026888,0
2021101012,3484,37082,Tyron Smith,T,46135,18,2.514723717434617,4.288109068547159,0.6467143294494616,0
2021101012,3484,41242,Zack Martin,G,42355,6,6.491616941562228,6.967391699306475,4.003589355771478,0
2021101012,3484,45532,Blake Jarwin,TE,47878,11,2.501732691577871,3.7393558720050275,1.9310160695675829,0
2021101012,3484,46119,Connor Williams,G,53876,10,10,9.37910732052412,6.1030414815890115,0
2021101012,3484,52554,Tyler Biadasz,C,42355,6,6.491616941562228,6.967391699306475,4.003589355771478,0
2021101012,3484,52938,Terence Steele,T,47800,4,10,9.081849547439415,6.3273981897576554,0
2021101012,3612,37090,Nate Solder,T,41363,18,10,9.084013551084503,4.66002923407452,0
2021101012,3612,46090,Billy Price,C,53504,16,10,9.863344947634985,8.403170254612997,0
2021101012,3612,46103,Will Hernandez,G,53504,16,10,9.863344947634985,8.403170254612997,0
2021101012,3612,47914,Wes Martin,G,41363,18,10,9.084013551084503,4.66002923407452,1
2021101012,3612,52507,Matt Peart,T,44892,22,4.643629893056793,5.635871865867697,2.95945806074646,0
2021101012,3948,37090,Nate Solder,T,41363,14,6.780679414932797,7.5973999342936285,5.35212094415196,0
2021101012,3948,46090,Billy Price,C,46088,10,5.623612530477395,6.496510351161505,4.481029104341011,0
2021101012,3948,46103,Will Hernandez,G,46088,10,5.623612530477395,6.496510351161505,4.481029104341011,0
2021101012,3948,47914,Wes Martin,G,53441,14,8.51423491841971,7.996719944228098,5.1357363774072855,0
2021101012,3948,52507,Matt Peart,T,44892,17,7.713628711840889,8.116735546929561,5.588515606992854,0
2021101013,310,42460,Blake Bell,TE,52462,22,7.853839528817287,7.28766175041403,3.0963701010509896,0
2021101013,310,43367,Joe Thuney,G,39960,36,3.391111366646581,4.477115587258957,0.8823363321344002,0
2021101013,310,46152,Orlando Brown,T,53490,41,3.888265540754472,5.0604578803727325,1.1530287735266618,0
2021101013,310,52440,Clyde Edwards-Helaire,RB,47792,39,3.614918604852552,4.723153751242673,1.2811041245445087,0
2021101013,310,52504,Lucas Niang,T,47792,39,3.614918604852552,4.723153751242673,1.2811041245445087,0
2021101013,310,53492,Creed Humphrey,C,39960,36,3.391111366646581,4.477115587258957,0.8823363321344002,0
2021101013,310,53655,Trey Smith,G,47792,39,3.614918604852552,4.723153751242673,1.2811041245445087,0
2021101013,1183,43367,Joe Thuney,G,47792,36,5.138451860571827,5.74191867445123,0.44032445583225666,0
2021101013,1183,46152,Orlando Brown,T,47792,36,5.138451860571827,5.74191867445123,0.44032445583225666,1
2021101013,1183,52504,Lucas Niang,T,53459,44,1.4930072870736946,3.5344413280247093,0,0
2021101013,1183,53492,Creed Humphrey,C,53490,46,1.8466006902988348,3.561177013879521,0,0
2021101013,1183,53655,Trey Smith,G,42331,27,7.1908608701219014,7.121123637039271,3.5642207575325826,0
2021101013,1983,43367,Joe Thuney,G,47792,22,8.265588025185718,8.050297073379426,4.932899105718326,0
2021101013,1983,46152,Orlando Brown,T,47792,22,8.265588025185718,8.050297073379426,4.932899105718326,0
2021101013,1983,52504,Lucas Niang,T,42331,42,4.208580469422378,5.593646725328705,0.9679076599909284,0
2021101013,1983,53492,Creed Humphrey,C,35470,32,10,8.871636259111035,3.8696577521091977,0
2021101013,1983,53655,Trey Smith,G,42331,42,4.208580469422378,5.593646725328705,0.9679076599909284,0
2021101013,2024,43367,Joe Thuney,G,53490,27,10,9.900410418985084,8.12766654738871,0
2021101013,2024,46152,Orlando Brown,T,42331,50,8.091558461951298,7.634274641421422,1.4478304261414472,0
2021101013,2024,52504,Lucas Niang,T,35470,50,7.305040693961914,7.25851764273695,1.9698595195598725,0
2021101013,2024,53492,Creed Humphrey,C,53490,27,10,9.900410418985084,8.12766654738871,0
2021101013,2024,53655,Trey Smith,G,35470,50,7.305040693961914,7.25851764273695,1.9698595195598725,0
2021101013,2644,43367,Joe Thuney,G,39960,18,6.916039570028324,5.956793636573588,1.0922630344380404,0
2021101013,2644,46152,Orlando Brown,T,35470,24,2.983108946076034,3.9514717356094593,1.467063771997476,0
2021101013,2644,52504,Lucas Niang,T,53459,27,5.608102442820436,5.868886991387594,1.4413419730925188,0
2021101013,2644,53492,Creed Humphrey,C,39960,18,6.916039570028324,5.956793636573588,1.0922630344380404,0
2021101013,2644,53655,Trey Smith,G,47792,16,4.491737893100574,5.773992354186847,2.0704265547922613,0
2021101013,2668,43367,Joe Thuney,G,47792,18,10,7.9871370684841905,3.0028758383211924,0
2021101013,2668,46152,Orlando Brown,T,35470,12,10,10,10,0
2021101013,2668,52504,Lucas Niang,T,53459,16,10,8.96406323079447,5.833596765297413,0
2021101013,2668,53492,Creed Humphrey,C,39960,7,10,10,10,0
2021101013,2668,53655,Trey Smith,G,39960,7,10,10,10,0
2021101013,3808,42392,Mitch Morse,C,42406,35,3.3109914758887724,5.229999138582366,0.4237797064174336,0
2021101013,3808,42445,Daryl Williams,T,52792,23,9.123894053717446,7.273911429171797,2.5899289675320096,0
2021101013,3808,42471,Jon Feliciano,G,43338,33,4.857559549980309,4.280306945941806,0,1
2021101013,3808,44875,Dion Dawkins,T,40051,34,5.509985265144506,5.380030365478298,0,1
2021101013,3808,53522,Spencer Brown,T,52792,23,9.123894053717446,7.273911429171797,2.5899289675320096,0
2021101013,3980,42392,Mitch Morse,C,40017,17,3.178111222602628,2.79928448713512,1.375674728927813,0
2021101013,3980,42445,Daryl Williams,T,47867,6,10,10,10,0
2021101013,3980,42471,Jon Feliciano,G,46144,11,10,10,10,0
2021101013,3980,44875,Dion Dawkins,T,42406,11,10,8.765844438457428,6.218630380625759,0
2021101013,3980,53522,Spencer Brown,T,52585,7,10,10,10,0
2021101100,184,39947,Eric Fisher,T,37145,31,1.9028162546766123,3.5019953309302987,0.6997773969643383,1
2021101100,184,42477,Mark Glowinski,G,40042,32,2.570625530473918,3.848126859536682,0.5436839118110834,0
2021101100,184,42765,Chris Reed,G,52479,39,6.62431469705905,5.821012814554421,0,0
2021101100,184,43307,Ryan Kelly,C,40042,32,2.570625530473918,3.848126859536682,0.5436839118110834,0
2021101100,184,46275,Matt Pryor,T,33131,32,6.908851853768528,6.911682344316736,3.0819010311388064,0
2021101100,678,39947,Eric Fisher,T,53460,25,1.1248086157414372,1.857962188726705,0,1
2021101100,678,42477,Mark Glowinski,G,40042,25,4.682072672274487,4.9962184193263175,1.3947518499483744,0
2021101100,678,42765,Chris Reed,G,52578,19,7.367603999817521,8.045254007967124,5.541262607663782,0
2021101100,678,43307,Ryan Kelly,C,52578,19,7.367603999817521,8.045254007967124,5.541262607663782,0
2021101100,678,46275,Matt Pryor,T,37240,25,2.7612196544909806,3.7660829964210283,0.5022015401993492,0
2021101100,3121,38557,Kevin Zeitler,G,46133,17,3.010374322151208,4.717033403521759,1.5076676077403477,0
2021101100,3121,41222,Alejandro Villanueva,T,45009,32,4.303312015958198,4.185251305714225,0.7097711255600141,0
2021101100,3121,46284,Bradley Bozeman,C,46133,17,3.010374322151208,4.717033403521759,1.5076676077403477,0
2021101100,3121,47906,Ben Powers,G,43296,29,5.0813497415143765,5.9804061195709375,1.5952550918177186,0
2021101100,3121,48220,Patrick Mekari,G,46121,33,3.8939064166210295,5.02548410072527,2.6142928509203762,0
2021101100,4236,38557,Kevin Zeitler,G,43296,28,10,6.9289463761519405,1.4093317123881053,0
2021101100,4236,41222,Alejandro Villanueva,T,47832,28,3.227643459317709,4.31368509566959,0.6036572004509659,1
2021101100,4236,46284,Bradley Bozeman,C,44957,20,9.874519591217503,8.26768495118502,4.535078698150595,0
2021101100,4236,47906,Ben Powers,G,44957,20,9.874519591217503,8.26768495118502,4.535078698150595,0
2021101100,4236,48220,Patrick Mekari,G,43296,28,10,6.9289463761519405,1.4093317123881053,0
2021101400,1399,37266,Jason Kelce,C,42560,28,6.760548649006306,6.602902401314644,1.5104449718902182,0
2021101400,1399,46302,Jordan Mailata,T,35454,16,3.991850503116332,5.490114188136593,2.2902526025274956,0
2021101400,1399,47805,Andre Dillard,T,53461,32,2.270142573047787,3.2145163421826046,1.264056529280513,0
2021101400,1399,52553,Jack Driscoll,T,40074,18,10,9.337709543147408,7.136671128942856,0
2021101400,1399,53466,Landon Dickerson,G,53461,32,2.270142573047787,3.2145163421826046,1.264056529280513,0
2021101400,1724,37266,Jason Kelce,C,46081,33,3.981732766232849,4.312891826450307,1.5024460148642884,0
2021101400,1724,46302,Jordan Mailata,T,35454,45,4.18985232974012,5.393269695191046,2.2402103213676448,0
2021101400,1724,47805,Andre Dillard,T,41915,20,3.4626211567888605,4.878540952980021,2.235453204494349,0
2021101400,1724,52553,Jack Driscoll,T,35441,34,5.032531410080954,5.032559951161655,0.7930622875232799,0
2021101400,1724,53466,Landon Dickerson,G,46081,33,3.981732766232849,4.312891826450307,1.5024460148642884,0
2021101400,3023,46302,Jordan Mailata,T,35441,15,10,8.802455672285031,5.866587338076641,0
2021101400,3023,47805,Andre Dillard,T,41915,22,2.388820972991504,3.450133084254156,1.3529860233956188,0
2021101400,3023,47840,J.J. Arcega-Whiteside,TE,46186,31,3.6478856486158926,5.20941513444128,0.3744575414534757,1
2021101400,3023,52553,Jack Driscoll,T,35441,15,10,8.802455672285031,5.866587338076641,0
2021101400,3023,53466,Landon Dickerson,G,46081,23,8.790272618623394,7.9438547722816235,4.652759579832907,0
2021101400,3023,53946,Jack Stoll,TE,35454,27,4.227142526957498,4.904468559175882,2.2563417706097724,0
2021101400,3669,40151,Ryan Jensen,C,43378,19,8.768812515065997,7.077131855194629,1.361914061287959,0
2021101400,3669,42377,Donovan Smith,T,44826,19,6.240440282517335,5.764260865477892,2.4422262865380966,0
2021101400,3669,42404,Ali Marpet,G,38542,11,10,7.673574247943913,3.025737064015582,0
2021101400,3669,46163,Alex Cappa,G,46199,19,5.5794498668881936,6.457623037076555,3.4216553368882106,0
2021101400,3669,52421,Tristan Wirfs,T,46219,19,2.9484245676771916,4.492963417344992,1.6218954239812535,0
2021101700,305,42924,Jesse Davis,T,43352,19,6.729844407526589,6.941445626923222,3.6307082020061823,0
2021101700,305,42954,Greg Mancz,C,52481,7,4.245271210288292,5.636273118527891,2.642532150434633,0
2021101700,305,52426,Austin Jackson,T,42375,14,10,9.524456030127467,5.888833452213971,0
2021101700,305,52447,Robert Hunt,G,43352,19,6.729844407526589,6.941445626923222,3.6307082020061823,0
2021101700,305,53471,Liam Eichenberg,T,47790,18,2.9596601892008074,4.310796855087072,2.030929372220922,0
2021101700,695,42924,Jesse Davis,T,44880,30,2.634787483152967,3.9493191243894517,0.6246955439469797,1
2021101700,695,42954,Greg Mancz,C,42375,21,5.388165463615362,6.141494524650065,3.131108365395078,0
2021101700,695,52426,Austin Jackson,T,42375,21,5.388165463615362,6.141494524650065,3.131108365395078,0
2021101700,695,52447,Robert Hunt,G,43787,30,3.945652562755654,4.9330126005874515,2.3443444614752775,0
2021101700,695,53471,Liam Eichenberg,T,47790,30,2.780618043322761,4.4797240557065345,1.3270611901937566,0
2021101700,3503,42924,Jesse Davis,T,44880,9,10,10,10,0
2021101700,3503,42954,Greg Mancz,C,42375,2,6.837404387123847,6.837404387123847,6.332251761587686,0
2021101700,3503,52426,Austin Jackson,T,43352,2,10,10,10,0
2021101700,3503,52447,Robert Hunt,G,42375,2,6.837404387123847,6.837404387123847,6.332251761587686,0
2021101700,3503,52922,Salvon Ahmed,RB,48034,18,8.748231231153632,7.616412269178912,2.5186910101027236,0
2021101700,3503,53471,Liam Eichenberg,T,47790,5,10,10,10,0
2021101700,4120,41286,Carlos Hyde,RB,52438,27,2.9356181298517563,3.8806018609893154,1.6114908541094808,0
2021101700,4120,41665,Tyler Shatley,G,45274,36,3.3330325617424665,4.217172654340459,0.6856429018838333,0
2021101700,4120,41939,Andrew Norwell,G,45274,36,3.3330325617424665,4.217172654340459,0.6856429018838333,0
2021101700,4120,44846,Cam Robinson,T,43321,36,4.429886548927287,4.712163793830607,0.7205532064939463,0
2021101700,4120,46198,Will Richardson,T,45274,36,3.3330325617424665,4.217172654340459,0.6856429018838333,0
2021101700,4120,47818,Jawaan Taylor,T,53447,47,3.648779834651917,4.343056817773536,1.4829481672080316,1
2021101700,4424,41665,Tyler Shatley,G,45274,14,3.4080293080921904,4.231443177349434,1.325897528863177,0
2021101700,4424,41939,Andrew Norwell,G,45274,14,3.4080293080921904,4.231443177349434,1.325897528863177,0
2021101700,4424,44846,Cam Robinson,T,53447,22,4.923090112746957,5.565494567101617,2.6465795588985657,0
2021101700,4424,46198,Will Richardson,T,44174,22,2.564394974311326,3.711069510201334,1.5318795811421664,0
2021101700,4424,47818,Jawaan Taylor,T,43321,22,2.6902516506652647,3.4178729025360552,1.1175310583089166,0
2021101701,1276,41324,Michael Schofield,G,52479,23,7.001066903973198,6.357205516379214,1.6190116312594158,0
2021101701,1276,41390,Corey Linsley,C,40042,19,10,9.153774755470936,6.734766233806164,0
2021101701,1276,41959,Matt Feiler,G,40042,19,10,9.153774755470936,6.734766233806164,0
2021101701,1276,45630,Storm Norton,T,37240,23,4.096632495661307,5.78943642606236,2.7979875626715125,0
2021101701,1276,53442,Rashawn Slater,T,33131,21,10,9.968096189785756,9.33001998550089,0
2021101701,2563,41324,Michael Schofield,G,33131,21,4.122434202167608,5.300614789450987,2.128294564903098,0
2021101701,2563,41959,Matt Feiler,G,44859,27,2.283851197211488,3.5881672331038517,1.183716033892278,0
2021101701,2563,45630,Storm Norton,T,33131,21,4.122434202167608,5.300614789450987,2.128294564903098,0
2021101701,2563,46320,Justin Jackson,RB,37145,26,1.856692659762306,2.9880804258517584,0.6651196071270761,0
2021101701,2563,53442,Rashawn Slater,T,44859,27,2.283851197211488,3.5881672331038517,1.183716033892278,0
2021101701,2631,38557,Kevin Zeitler,G,35485,32,2.9589323966383327,4.607541590112465,2.220759381292146,1
2021101701,2631,39996,Le'Veon Bell,RB,47811,32,4.808050928827818,4.36042037247698,0.6686017405997359,0
2021101701,2631,41222,Alejandro Villanueva,T,43377,27,3.380591030208013,5.152578817036379,2.7127805843355146,0
2021101701,2631,47906,Ben Powers,G,42559,26,6.871949017816616,6.695538445793152,2.3637500343514803,0
2021101701,2631,48220,Patrick Mekari,G,47811,32,4.808050928827818,4.36042037247698,0.6686017405997359,0
2021101701,2631,52894,Trystan Colon,C,42559,26,6.871949017816616,6.695538445793152,2.3637500343514803,0
2021101701,3137,41324,Michael Schofield,G,53533,31,3.8310994084403793,4.579731752292328,0.418634934745339,0
2021101701,3137,41390,Corey Linsley,C,53533,31,3.8310994084403793,4.579731752292328,0.418634934745339,0
2021101701,3137,41959,Matt Feiler,G,53460,26,3.235433271907965,4.1974751299746575,0.6147795795167146,0
2021101701,3137,45630,Storm Norton,T,33131,25,8.818229178835159,7.705326144148521,2.9712665785911105,0
2021101701,3137,46320,Justin Jackson,RB,43393,32,2.6861017538337233,3.853845003578245,0.899411615724588,0
2021101701,3137,53442,Rashawn Slater,T,37145,28,6.6110082465383435,6.936090659160058,3.265732876661303,1
2021101702,1224,46131,Brian O'Neill,T,44825,25,5.734662659701814,6.245700779822041,3.6788803581324263,0
2021101702,1224,47801,Garrett Bradbury,C,41341,18,6.9088877924393355,6.59051121414832,1.1842739249080925,0
2021101702,1224,47976,Olisaemeka Udoh,T,41341,18,6.9088877924393355,6.59051121414832,1.1842739249080925,0
2021101702,1224,52466,Ezra Cleveland,G,53587,18,9.239710267753246,7.174934438088659,2.2049410357205974,0
2021101702,1224,53452,Christian Darrisaw,T,46205,25,6.078912811904889,6.474968987484122,2.6744312574964977,0
2021101702,2774,41436,Matt Paradis,C,47973,41,4.446583344913018,5.15683534527736,0,1
2021101702,2774,42362,Cameron Erving,T,35539,41,5.817542477094599,6.673137582647823,3.116127059196264,0
2021101702,2774,42424,John Miller,G,41235,51,1.3622688456252987,3.1586994415961276,0,0
2021101702,2774,44876,Taylor Moton,T,41235,51,1.3622688456252987,3.1586994415961276,0,0
2021101702,2774,47919,Michael Jordan,G,44867,37,0.40609655475990886,2.8127303283214404,0,1
2021101702,3345,44853,Dalvin Cook,RB,47799,24,5.5508787474941865,5.417826499023302,1.8729654409143055,0
2021101702,3345,46131,Brian O'Neill,T,44825,29,3.4549676678391616,4.54978338015915,1.133959768270656,0
2021101702,3345,46226,Tyler Conklin,TE,47799,24,5.5508787474941865,5.417826499023302,1.8729654409143055,0
2021101702,3345,47801,Garrett Bradbury,C,52592,21,9.844758633243128,7.880597365506346,3.690532870109609,0
2021101702,3345,47976,Olisaemeka Udoh,T,52592,21,9.844758633243128,7.880597365506346,3.690532870109609,0
2021101702,3345,52466,Ezra Cleveland,G,53587,16,10,8.381224066582492,4.0117516703523775,0
2021101702,3345,53452,Christian Darrisaw,T,53587,16,10,8.381224066582492,4.0117516703523775,0
2021101702,3680,46131,Brian O'Neill,T,52415,4,6.354909164630543,6.521888929559711,4.966507475940054,0
2021101702,3680,46226,Tyler Conklin,TE,52446,17,5.955429926597536,6.508434323531887,1.7065045996610904,0
2021101702,3680,47801,Garrett Bradbury,C,41341,8,5.214366166495633,6.256707399900587,4.148747142882412,0
2021101702,3680,47976,Olisaemeka Udoh,T,52415,4,6.354909164630543,6.521888929559711,4.966507475940054,0
2021101702,3680,52466,Ezra Cleveland,G,41341,8,5.214366166495633,6.256707399900587,4.148747142882412,0
2021101702,3680,53452,Christian Darrisaw,T,43791,17,2.0475415730106445,3.7352488602803517,1.0038401819216385,0
2021101702,3976,41436,Matt Paradis,C,44867,15,8.31900106025629,7.222305934531933,2.323659945813793,0
2021101702,3976,42362,Cameron Erving,T,35539,27,4.924726806642021,5.2276598337608675,0.4421087953406804,1
2021101702,3976,42424,John Miller,G,44867,15,8.31900106025629,7.222305934531933,2.323659945813793,0
2021101702,3976,44876,Taylor Moton,T,42431,27,4.757277097786563,5.107100402807753,1.436597422059818,0
2021101702,3976,47919,Michael Jordan,G,47973,23,4.450434236881958,4.688268118984448,0,1
2021101702,4434,41436,Matt Paradis,C,39959,17,6.966923722321241,6.525739782655319,1.979008703291233,0
2021101702,4434,42362,Cameron Erving,T,35539,27,3.114175015195179,3.9537531532111587,0.8548394512195185,0
2021101702,4434,42424,John Miller,G,52525,19,6.209944148267385,6.95622459240357,4.28818742698399,0
2021101702,4434,44876,Taylor Moton,T,42431,27,7.42460227763224,5.864094997001469,1.017549831113456,0
2021101702,4434,47919,Michael Jordan,G,39959,17,6.966923722321241,6.525739782655319,1.979008703291233,0
2021101702,4547,41436,Matt Paradis,C,52525,25,5.717820277944815,6.142928304535148,1.9583587710216608,0
2021101702,4547,42362,Cameron Erving,T,35539,37,6.464162352141312,5.71039874419318,0.8182460347945014,1
2021101702,4547,42424,John Miller,G,52525,25,5.717820277944815,6.142928304535148,1.9583587710216608,0
2021101702,4547,44876,Taylor Moton,T,42431,37,3.8477553181397703,5.331675722232787,0.8559015700693422,1
2021101702,4547,47919,Michael Jordan,G,39959,24,7.724964423490146,6.5879923776462155,2.094767283578101,0
2021101703,2810,43345,Cody Whitehair,G,47933,10,8.931394499582918,8.440947353705148,6.066378666399658,0
2021101703,2810,45550,Elijah Wilkinson,T,47795,37,3.846617876655123,5.049630645704665,0.7636920236024625,0
2021101703,2810,46108,James Daniels,G,47795,37,3.846617876655123,5.049630645704665,0.7636920236024625,0
2021101703,2810,48159,Sam Mustipher,C,43316,23,8.626994651966223,7.381864014169124,2.7363704226754963,0
2021101703,2810,52451,Cole Kmet,TE,47795,37,3.846617876655123,5.049630645704665,0.7636920236024625,0
2021101703,3265,29550,Jason Peters,T,43426,26,3.1774480218830474,4.66458850357919,1.300318577056704,0
2021101703,3265,43345,Cody Whitehair,G,46438,26,7.331387202981061,6.273358868578957,1.7323267392822144,0
2021101703,3265,45550,Elijah Wilkinson,T,52650,21,4.481524079972601,5.450016972560992,3.4105306908570214,0
2021101703,3265,46108,James Daniels,G,52650,21,4.481524079972601,5.450016972560992,3.4105306908570214,0
2021101703,3265,48159,Sam Mustipher,C,53602,25,5.022306389999034,6.28211097553215,1.9017737618733448,0
2021101703,3403,41296,Billy Turner,T,42382,14,4.117923358168399,5.477735171548338,1.097839094332482,0
2021101703,3403,44068,Lucas Patrick,G,42378,32,9.406859866115234,7.718900099648928,2.5708156820623627,1
2021101703,3403,47827,Elgton Jenkins,G,37087,22,4.787610964501669,5.8627165287502425,2.8410998615254033,0
2021101703,3403,52600,Jon Runyan,G,37087,22,4.787610964501669,5.8627165287502425,2.8410998615254033,0
2021101703,3403,53571,Royce Newman,T,42382,14,4.117923358168399,5.477735171548338,1.097839094332482,0
2021101703,3809,29550,Jason Peters,T,52650,36,2.925752955362744,4.489704694340855,1.1873182249984822,0
2021101703,3809,43345,Cody Whitehair,G,47933,44,6.213003922535523,5.808044301918579,0.9355899169530928,0
2021101703,3809,45550,Elijah Wilkinson,T,47795,55,1.8973516187647652,3.134637361884829,0.987402019898808,1
2021101703,3809,46108,James Daniels,G,43316,25,5.191942896211182,6.460703965922899,3.7007976916514393,0
2021101703,3809,48159,Sam Mustipher,C,43316,25,5.191942896211182,6.460703965922899,3.7007976916514393,0
2021101704,3305,43453,Halapoulivaati Vaitai,G,43455,20,4.421349866622192,5.267995263421478,2.7541217318356477,0
2021101704,3305,46679,Evan Brown,C,45226,21,10,8.813602883121442,3.3257448481664937,0
2021101704,3305,48455,Matt Nelson,T,43455,20,4.421349866622192,5.267995263421478,2.7541217318356477,0
2021101704,3305,52483,Jonah Jackson,G,45226,21,10,8.813602883121442,3.3257448481664937,0
2021101704,3305,53436,Penei Sewell,T,44915,21,3.7605919592204415,4.619220705189768,2.653265286420074,0
2021101705,206,42477,Mark Glowinski,G,46255,20,6.114378840725199,6.64461596060171,3.508457548533525,0
2021101705,206,42765,Chris Reed,G,53624,20,10,9.214380056336573,4.099033561393781,0
2021101705,206,43307,Ryan Kelly,C,43356,8,6.646657064191995,6.787363823306542,3.1615340911180025,0
2021101705,206,44792,Mo Alie-Cox,TE,52498,33,1.1164409026165931,3.3936155705256654,0,1
2021101705,206,46275,Matt Pryor,T,43356,8,6.646657064191995,6.787363823306542,3.1615340911180025,0
2021101705,378,41630,Justin McCray,C,46618,7,10,8.217032768581433,5.0165821683204745,0
2021101705,378,46143,Geron Christian,T,45038,12,10,10,10,0
2021101705,378,47806,Tytus Howard,T,46618,7,10,8.217032768581433,5.0165821683204745,0
2021101705,378,47838,Max Scharping,G,44957,10,10,7.696308189852291,3.408931253873666,0
2021101705,378,52534,Charlie Heck,T,46133,7,9.75413589266222,8.212769630300892,5.226590619438066,0
2021101705,2465,41630,Justin McCray,C,46618,18,6.851852658115944,7.023680862619581,3.2792827876126887,0
2021101705,2465,46143,Geron Christian,T,45038,17,10,7.323962110217717,2.4343484225318184,0
2021101705,2465,47806,Tytus Howard,T,44957,19,7.690334754671537,7.4495106145704115,3.5232165675171787,0
2021101705,2465,47838,Max Scharping,G,46618,18,6.851852658115944,7.023680862619581,3.2792827876126887,0
2021101705,2465,52534,Charlie Heck,T,46133,19,5.064366657319196,5.864057885243954,3.4510675935519517,0
2021101705,3533,41630,Justin McCray,C,44957,12,7.276104404091111,7.577170862593116,4.444515833533252,0
2021101705,3533,46143,Geron Christian,T,47832,26,4.315633534744384,4.913173713030859,1.3029482113385444,0
2021101705,3533,47806,Tytus Howard,T,44957,12,7.276104404091111,7.577170862593116,4.444515833533252,0
2021101705,3533,47838,Max Scharping,G,43296,17,6.347042935895368,7.162816532944061,4.363090916051357,0
2021101705,3533,52534,Charlie Heck,T,46133,14,5.764306306669754,6.345159497432789,2.245226486624733,0
2021101706,1331,30869,Andrew Whitworth,T,53479,30,3.3702148422014737,4.555138619460978,2.8424789802948793,0
2021101706,1331,42400,Rob Havenstein,T,47878,23,6.535800588963167,7.195084103318943,4.041700010529584,0
2021101706,1331,46102,Austin Corbett,G,43332,26,4.766923359011782,5.743539873115309,2.8662128418051833,0
2021101706,1331,46180,Brian Allen,C,42349,19,10,8.19220441377902,5.244916379169004,0
2021101706,1331,47952,David Edwards,G,42349,19,10,8.19220441377902,5.244916379169004,0
2021101707,2447,39146,Mike Remmers,T,52410,52,1.2065780722985722,3.2982051068013956,0,1
2021101707,2447,43367,Joe Thuney,G,44829,44,2.5027170853155374,4.14870673841146,1.0518523501957102,0
2021101707,2447,46152,Orlando Brown,T,52637,52,1.342527230680254,2.589183981443781,0,0
2021101707,2447,53492,Creed Humphrey,C,44829,44,2.5027170853155374,4.14870673841146,1.0518523501957102,0
2021101707,2447,53655,Trey Smith,G,43441,46,1.1776038506122897,3.085499922604067,0,1
2021101707,2994,39146,Mike Remmers,T,52637,22,4.076086378709472,4.976014751557118,2.528993416240946,0
2021101707,2994,43367,Joe Thuney,G,44829,13,10,8.660364994366297,3.801005794875731,0
2021101707,2994,46152,Orlando Brown,T,47809,22,6.97811583437356,7.06145035848347,2.769009839903593,0
2021101707,2994,53492,Creed Humphrey,C,44829,13,10,8.660364994366297,3.801005794875731,0
2021101707,2994,53655,Trey Smith,G,43441,22,5.295664490039704,5.58951590695293,1.209832418301836,0
2021101707,3698,39146,Mike Remmers,T,52410,27,2.737910692358887,3.991362246116675,0.9009583195047052,0
2021101707,3698,43367,Joe Thuney,G,46082,31,6.511854740684452,6.963190509832513,3.2534003084424494,0
2021101707,3698,46152,Orlando Brown,T,47809,27,4.487579587461669,5.204040540012941,1.5552562119024498,0
2021101707,3698,53492,Creed Humphrey,C,46082,31,6.511854740684452,6.963190509832513,3.2534003084424494,0
2021101707,3698,53655,Trey Smith,G,43441,32,5.659150825843202,5.454478436260695,0.6324485172835506,1
2021101708,384,38779,Kelvin Beachum,T,44838,22,4.543876308549328,5.748335772763866,2.5438915805423803,0
2021101708,384,39965,Justin Pugh,G,38667,29,9.277742963368327,6.53759315472458,1.3662136012801591,0
2021101708,384,42367,D.J. Humphries,T,41227,21,3.173694187151528,4.190343048147532,2.1174267519253553,0
2021101708,384,42476,Max Garcia,C,44813,26,6.656199082885664,6.726025599171129,2.464106564638646,0
2021101708,384,52480,Josh Jones,G,44813,26,6.656199082885664,6.726025599171129,2.464106564638646,0
2021101708,715,40070,J.C. Tretter,C,37084,26,6.613614807928215,6.534958334277358,2.45269047896785,0
2021101708,715,41264,Joel Bitonio,G,48032,32,6.782913278370179,7.066301474514691,3.6855166138891886,0
2021101708,715,46235,Wyatt Teller,G,37084,26,6.613614807928215,6.534958334277358,2.45269047896785,0
2021101708,715,48485,Blake Hance,G,41403,36,4.957952945811819,4.716303124555958,0.869129669386091,1
2021101708,715,53539,James Hudson,T,42401,30,8.869894793143006,8.26704366149085,4.737519114046503,0
2021101708,1178,38779,Kelvin Beachum,T,41227,24,3.671594632965076,4.678118045765231,2.359538752583542,0
2021101708,1178,39965,Justin Pugh,G,43392,11,8.243783233807095,7.433356069693417,3.788623917823488,0
2021101708,1178,42367,D.J. Humphries,T,44813,24,2.194686423308772,3.3821486702737933,0.8851012840969548,0
2021101708,1178,42476,Max Garcia,C,43392,11,8.243783233807095,7.433356069693417,3.788623917823488,0
2021101708,1178,52480,Josh Jones,G,38667,24,10,7.48519965651196,2.511788402571465,0
2021101708,3756,38779,Kelvin Beachum,T,41227,20,4.056617806373291,5.585901221774707,2.4732843591966667,0
2021101708,3756,39965,Justin Pugh,G,44847,10,10,9.43466926479294,7.497108312081922,0
2021101708,3756,42367,D.J. Humphries,T,44813,18,7.137713072931797,7.147961861770577,3.4256709756242825,0
2021101708,3756,42476,Max Garcia,C,38667,19,8.979449285666705,6.20080886534392,0.8888128054280935,0
2021101708,3756,52480,Josh Jones,G,38667,19,8.979449285666705,6.20080886534392,0.8888128054280935,0
2021101709,835,38642,Bobby Massie,T,47889,23,3.6537065129145376,4.703902280773311,1.6112292468471243,0
2021101709,835,43384,Graham Glasgow,G,43436,17,6.822753743759047,7.0480447813339255,3.584280868209071,0
2021101709,835,44832,Garett Bolles,T,43358,23,2.292989524061694,3.1996601090246335,1.4915644330947009,0
2021101709,835,47824,Dalton Risner,G,44815,17,7.920049545196582,7.999843929567458,4.7054772367465745,0
2021101709,835,52491,Lloyd Cushenberry,C,44815,17,7.920049545196582,7.999843929567458,4.7054772367465745,0
2021101709,3906,38642,Bobby Massie,T,43354,26,5.334744493322248,5.538279939654341,2.7367546501120743,0
2021101709,3906,43384,Graham Glasgow,G,44815,33,8.961046715331607,7.715670597451983,3.3851030943053253,0
2021101709,3906,44832,Garett Bolles,T,47787,31,3.1098403998206914,4.549292302981622,2.0919478201672645,0
2021101709,3906,47824,Dalton Risner,G,46387,22,10,8.853738651170428,4.665394374987384,0
2021101709,3906,52491,Lloyd Cushenberry,C,46387,22,10,8.853738651170428,4.665394374987384,0
2021101710,118,37082,Tyron Smith,T,44944,16,2.429629342182383,4.17831212281386,1.5868893254527832,0
2021101710,118,41242,Zack Martin,G,37308,12,10,9.812762874270769,8.960172925574064,0
2021101710,118,46119,Connor Williams,G,44991,13,6.524790583146288,6.697749803656502,2.987758202009188,0
2021101710,118,52554,Tyler Biadasz,C,44991,13,6.524790583146288,6.697749803656502,2.987758202009188,0
2021101710,118,52938,Terence Steele,T,37308,12,10,9.812762874270769,8.960172925574064,0
2021101710,497,37082,Tyron Smith,T,41269,27,2.7348432956277415,3.4924027877424875,0.8949417265881763,0
2021101710,497,41242,Zack Martin,G,42433,21,9.35350670870974,8.276355811442498,4.900196933080857,0
2021101710,497,46119,Connor Williams,G,53467,25,8.969117127972792,7.015849728135772,1.223948405131427,0
2021101710,497,52554,Tyler Biadasz,C,42433,21,9.35350670870974,8.276355811442498,4.900196933080857,0
2021101710,497,52938,Terence Steele,T,44944,28,6.220954384623564,5.767570356398901,1.910711495830708,0
2021101710,4136,37082,Tyron Smith,T,52468,28,3.839135528810047,4.632371161926792,0.9277028985124732,0
2021101710,4136,41242,Zack Martin,G,38555,19,10,6.964285314480249,2.423131533488238,0
2021101710,4136,46119,Connor Williams,G,53467,21,3.969952525700057,4.790131480321383,1.2507449618925104,0
2021101710,4136,52554,Tyler Biadasz,C,53467,21,3.969952525700057,4.790131480321383,1.2507449618925104,0
2021101711,2739,33107,Duane Brown,T,44886,26,3.897718775588105,5.037761080202935,0.7747911921254497,0
2021101711,2739,41310,Gabe Jackson,G,47975,8,10,10,10,0
2021101711,2739,45056,Kyle Fuller,G,52510,14,6.276497004040324,6.230673254989571,2.129124642479957,0
2021101711,2739,46189,Will Dissly,TE,44842,7,10,9.963844937299669,9.746914561097684,0
2021101711,2739,46237,Jamarco Jones,T,53585,13,1.7973966091258895,3.332923962854986,0.8451755985078603,0
2021101711,3781,41321,Trai Turner,G,46487,36,6.42603484322454,6.463026999400249,2.1206138337512797,0
2021101711,3781,43444,Joe Haeg,T,40825,23,3.1054645123720155,4.66354895743141,2.040425650479164,0
2021101711,3781,46161,Chukwuma Okorafor,T,46487,36,6.42603484322454,6.463026999400249,2.1206138337512797,0
2021101711,3781,47924,Zach Gentry,TE,35493,30,2.2491479097815903,3.6011883872324946,1.1661714293855678,0
2021101711,3781,52543,Kevin Dotson,G,35562,36,4.469195572845093,5.3159333559543525,1.291626493587638,0
2021101711,3781,53516,Kendrick Green,C,35562,36,4.469195572845093,5.3159333559543525,1.291626493587638,1
2021101711,3917,33107,Duane Brown,T,52510,27,2.749970895076959,3.302037279012761,1.0582023243362368,0
2021101711,3917,41310,Gabe Jackson,G,46543,26,3.1740977576375924,4.497208764891012,0.7144736717360949,0
2021101711,3917,43447,Brandon Shell,T,44842,27,2.6281038102297667,3.213908906791358,0.9280981597125996,0
2021101711,3917,45056,Kyle Fuller,G,46543,26,3.1740977576375924,4.497208764891012,0.7144736717360949,0
2021101711,3917,46237,Jamarco Jones,T,37104,19,5.325179368122946,5.232456880433877,0.8570059499688762,0
2021101711,3967,33107,Duane Brown,T,52510,25,3.3196564915823137,4.406113913098554,2.608767406803121,0
2021101711,3967,41310,Gabe Jackson,G,46543,18,6.275058905922693,6.385545508163914,2.4268171782300088,0
2021101711,3967,43447,Brandon Shell,T,44842,24,2.2304995137263193,3.238458706936773,0.8285230733366272,0
2021101711,3967,45056,Kyle Fuller,G,46543,18,6.275058905922693,6.385545508163914,2.4268171782300088,0
2021101711,3967,46237,Jamarco Jones,T,37104,12,9.228090198384377,8.115164506127336,4.942378535093381,0
2021101800,742,42392,Mitch Morse,C,47802,41,1.172587638956292,2.8395189536102645,0,1
2021101800,742,42471,Jon Feliciano,G,46110,42,0.4770697341089636,1.8949912404827656,0,0
2021101800,742,44875,Dion Dawkins,T,42365,35,5.101788728167476,5.996587226022726,3.0750283639062235,0
2021101800,742,53522,Spencer Brown,T,42031,47,1.8487649272824909,3.086951468688633,0,0
2021101800,1449,42392,Mitch Morse,C,53900,12,10,9.1888003838052,6.197833475842956,0
2021101800,1449,42445,Daryl Williams,T,47802,15,8.464807516184095,8.288975372983797,5.751435534962689,0
2021101800,1449,42471,Jon Feliciano,G,53900,12,10,9.1888003838052,6.197833475842956,0
2021101800,1449,44875,Dion Dawkins,T,46110,16,4.307477257135224,5.722039568089509,2.9840753124127515,0
2021101800,1449,53522,Spencer Brown,T,47971,14,2.4663083099609606,3.2525112873177178,1.9623911849455464,0
2021101800,2531,35472,Rodger Saffold,G,47792,4,8.104791161847174,8.045584459466879,5.972755514173161,0
2021101800,2531,38629,Ben Jones,C,39960,4,8.430096052494477,8.34406330097593,6.516061098914769,0
2021101800,2531,40124,David Quessenberry,G,53459,10,5.954806125983588,6.537500010758664,3.6633980260100767,0
2021101800,2531,42952,Kendall Lamm,T,47792,4,8.104791161847174,8.045584459466879,5.972755514173161,0
2021101800,2531,47865,Nate Davis,G,53459,10,5.954806125983588,6.537500010758664,3.6633980260100767,0
2021101800,3524,42392,Mitch Morse,C,46110,32,10,7.601803447451125,2.4305131249795897,0
2021101800,3524,42445,Daryl Williams,T,42031,31,4.487621460164792,5.58199833574213,2.576697015302955,0
2021101800,3524,42471,Jon Feliciano,G,47802,34,3.714183128335833,4.969703401928832,2.0182809878374184,0
2021101800,3524,44875,Dion Dawkins,T,42365,35,3.666138444986386,4.858437624527082,2.64665471482877,0
2021101800,3524,53522,Spencer Brown,T,46110,32,10,7.601803447451125,2.4305131249795897,0
2021102100,1070,40070,J.C. Tretter,C,47854,25,7.7464873052654255,7.506014991003174,3.376284127272869,0
2021102100,1070,41264,Joel Bitonio,G,41464,30,3.948254279433649,4.974119673648828,0.6621953517503998,0
2021102100,1070,46235,Wyatt Teller,G,47854,25,7.7464873052654255,7.506014991003174,3.376284127272869,0
2021102100,1070,48485,Blake Hance,G,37075,29,2.7990349773188754,5.186069421266589,1.0310156161388353,0
2021102100,1070,52418,Jedrick Wills,T,48089,34,8.076100265731693,6.467043784817011,1.3617698342648823,0
2021102100,2199,38642,Bobby Massie,T,44838,29,2.279001503821997,3.4261132949348947,0.7717291614570734,0
2021102100,2199,43384,Graham Glasgow,G,38667,29,3.7668518691247064,4.259191545292738,1.4666915878389963,0
2021102100,2199,44832,Garett Bolles,T,47948,28,1.8218316749873869,3.046870018661217,0,1
2021102100,2199,47824,Dalton Risner,G,44847,28,10,8.133260194692223,4.773319693500144,0
2021102100,2199,52491,Lloyd Cushenberry,C,38667,29,3.7668518691247064,4.259191545292738,1.4666915878389963,0
2021102100,2381,40070,J.C. Tretter,C,41464,12,3.753213472650867,4.492076463459488,2.6828478887783622,0
2021102100,2381,41264,Joel Bitonio,G,47854,9,2.541664380840599,3.8458599435037537,2.1440780413180938,0
2021102100,2381,46235,Wyatt Teller,G,41464,12,3.753213472650867,4.492076463459488,2.6828478887783622,0
2021102100,2381,47605,D'Ernest Johnson,RB,52586,18,10,8.802142280601437,3.38205733778652,0
2021102100,2381,48485,Blake Hance,G,48089,11,10,8.52125382565095,4.548821252162254,0
2021102100,2381,52418,Jedrick Wills,T,53668,18,10,7.772702226911157,1.521580238547885,0
2021102100,3416,38642,Bobby Massie,T,44838,26,4.355510267240784,4.262117919049937,1.1338140984187226,0
2021102100,3416,43384,Graham Glasgow,G,52496,26,4.437942106980216,5.018535844339875,1.722501519973422,0
2021102100,3416,44832,Garett Bolles,T,44813,26,2.255432637353976,3.412006706308782,1.2013034278064452,0
2021102100,3416,47824,Dalton Risner,G,44847,26,7.066974731584386,6.893682585451648,2.1630564803681493,0
2021102100,3416,52491,Lloyd Cushenberry,C,52496,26,4.437942106980216,5.018535844339875,1.722501519973422,0
2021102100,3539,38642,Bobby Massie,T,41227,25,5.425663253287836,6.583175830972102,3.309899394464169,0
2021102100,3539,43384,Graham Glasgow,G,44847,24,9.893335798356372,9.458458950721251,7.802272023837816,0
2021102100,3539,44832,Garett Bolles,T,38667,25,4.0892923288147784,4.309459099384694,1.787740980677139,0
2021102100,3539,47824,Dalton Risner,G,38667,25,4.0892923288147784,4.309459099384694,1.787740980677139,0
2021102100,3539,52491,Lloyd Cushenberry,C,44847,24,9.893335798356372,9.458458950721251,7.802272023837816,0
2021102100,3673,40070,J.C. Tretter,C,40347,6,10,9.194992049946139,6.091103980622107,0
2021102100,3673,41264,Joel Bitonio,G,53668,13,6.106048587159419,6.562345659138382,3.3782811839380775,0
2021102100,3673,46235,Wyatt Teller,G,40347,6,10,9.194992049946139,6.091103980622107,0
2021102100,3673,48485,Blake Hance,G,41449,6,8.261119770494094,7.75130560343478,4.520401138430795,0
2021102100,3756,40070,J.C. Tretter,C,41464,10,7.86272696311106,6.862235434846067,2.337939446317873,0
2021102100,3756,41264,Joel Bitonio,G,42826,7,3.1679939884353754,4.538526195048373,2.287084926396739,0
2021102100,3756,43370,Austin Hooper,TE,53668,11,10,10,10,0
2021102100,3756,46235,Wyatt Teller,G,40347,2,10,10,10,0
2021102100,3756,48485,Blake Hance,G,40347,2,10,10,10,0
2021102100,3756,52418,Jedrick Wills,T,48089,9,2.5379980333553283,4.182882398619213,1.3924046118207385,0
2021102400,200,38553,Riley Reiff,T,52479,15,9.319283298064336,8.49187397362207,5.245467302649378,0
2021102400,200,41619,Trey Hopkins,C,52436,24,5.799530829931145,5.8001410400874125,0.7790687507817647,1
2021102400,200,43045,Quinton Spain,G,53460,24,5.00873239450541,5.1691600759552765,2.704058955421889,0
2021102400,200,44860,Joe Mixon,RB,37778,24,3.214658267629136,4.289951321302036,0.721440233076665,1
2021102400,200,47794,Jonah Williams,T,46259,24,2.243984813991929,3.335328138499392,1.7276187256554476,0
2021102400,200,53475,Jackson Carman,G,52479,15,9.319283298064336,8.49187397362207,5.245467302649378,0
2021102400,924,38557,Kevin Zeitler,G,43455,20,4.561139829724336,5.727411538114388,1.3596283902754205,0
2021102400,924,41222,Alejandro Villanueva,T,44915,25,2.7244175297938344,3.8294757859356388,1.2997228075562666,0
2021102400,924,46284,Bradley Bozeman,C,43455,20,4.561139829724336,5.727411538114388,1.3596283902754205,0
2021102400,924,47906,Ben Powers,G,44877,18,4.616593892662642,5.798095288057534,1.8753319221219185,0
2021102400,924,48220,Patrick Mekari,G,43641,25,4.089100072427655,4.9550072369754945,2.5473210475413803,0
2021102400,924,53180,Ty'Son Williams,RB,47855,23,2.1329821728143066,2.9636398841557803,0.6611102531995903,0
2021102400,3392,38557,Kevin Zeitler,G,44877,18,0.9443215120320578,2.465707820695485,0,1
2021102400,3392,41222,Alejandro Villanueva,T,44915,28,5.927841679131017,5.8530593110058495,1.2458588858548652,0
2021102400,3392,46284,Bradley Bozeman,C,43455,35,2.955075060965109,4.722849706181339,1.2684718367963053,0
2021102400,3392,47906,Ben Powers,G,43455,35,2.955075060965109,4.722849706181339,1.2684718367963053,0
2021102400,3392,52514,Tyre Phillips,G,46146,67,3.0797445136657413,4.583730881629768,0,0
2021102401,324,41296,Billy Turner,T,46232,21,3.138616644572956,4.583911354270459,2.1171843807899595,0
2021102401,324,44068,Lucas Patrick,G,46232,21,3.138616644572956,4.583911354270459,2.1171843807899595,0
2021102401,324,47827,Elgton Jenkins,G,52641,18,7.265562298223449,7.804975228986782,5.453591120479439,0
2021102401,324,52600,Jon Runyan,G,46082,20,4.077033574982071,5.212810009692798,2.716561933727162,0
2021102401,324,53571,Royce Newman,T,46232,21,3.138616644572956,4.583911354270459,2.1171843807899595,0
2021102401,562,41475,Charles Leno,T,52932,24,10,7.042442087771126,2.022524238893635,0
2021102401,562,41563,Cornelius Lucas,T,52650,33,4.754041374931636,5.073938318013952,1.4627675126890505,0
2021102401,562,42352,Ereck Flowers,G,46438,29,3.1870106962255993,4.315851759120952,1.3187061851421689,0
2021102401,562,43484,Wes Schweitzer,G,47933,28,4.303525507449944,5.451284213980034,2.1024498417942223,0
2021102401,562,45012,Chase Roullier,C,47933,28,4.303525507449944,5.451284213980034,2.1024498417942223,0
2021102401,562,52474,Antonio Gibson,RB,43323,34,1.730584219924924,2.1237125850453236,0,1
2021102401,1007,41296,Billy Turner,T,52410,21,10,6.731273492458314,1.7944392046581288,0
2021102401,1007,44068,Lucas Patrick,G,43441,19,10,7.320416812692833,1.1261486486363546,0
2021102401,1007,47827,Elgton Jenkins,G,47809,26,9.400367693156179,8.072725160301705,4.688987274030685,0
2021102401,1007,52600,Jon Runyan,G,46082,18,9.549866341933692,7.083840154350441,2.706940094931974,0
2021102401,1007,53571,Royce Newman,T,43441,19,10,7.320416812692833,1.1261486486363546,0
2021102401,3456,41475,Charles Leno,T,38556,27,2.783004859902705,3.5978440064012736,1.277134688824928,0
2021102401,3456,41563,Cornelius Lucas,T,47795,27,6.174933674676404,6.238796976163422,3.3873903052490357,0
2021102401,3456,42352,Ereck Flowers,G,53602,17,8.82800904677707,7.691632261432999,2.727500104324847,0
2021102401,3456,43484,Wes Schweitzer,G,43316,23,2.6080218668159425,3.9184719945209716,0.8525662925405373,0
2021102401,3456,45012,Chase Roullier,C,43316,23,2.6080218668159425,3.9184719945209716,0.8525662925405373,0
2021102402,263,42565,Austin Reiter,C,53577,16,9.427842290715118,8.222687708110515,4.9122338967638655,0
2021102402,263,42924,Jesse Davis,T,42869,19,2.846588581620475,4.189674902073201,1.2736767409922776,0
2021102402,263,52426,Austin Jackson,T,53577,16,9.427842290715118,8.222687708110515,4.9122338967638655,0
2021102402,263,52447,Robert Hunt,G,43361,15,10,9.59425292837437,6.764290386737757,0
2021102402,263,53471,Liam Eichenberg,T,40463,19,3.6191048150299703,4.76204594292192,2.454011563421069,0
2021102402,382,42565,Austin Reiter,C,42480,19,3.821413091906119,3.8475704422780157,1.1077904626761368,0
2021102402,382,42924,Jesse Davis,T,52527,19,2.296294007518961,3.502536720309174,0.9506878150294784,0
2021102402,382,52426,Austin Jackson,T,42480,19,3.821413091906119,3.8475704422780157,1.1077904626761368,0
2021102402,382,52447,Robert Hunt,G,40095,17,4.3009623511619495,5.864426609844021,3.2170340332408043,0
2021102402,382,53471,Liam Eichenberg,T,53611,19,3.134545716480305,4.289428043604194,2.1955648367658682,0
2021102402,2811,42565,Austin Reiter,C,40095,32,4.401877012888464,5.495421606134725,2.1501456125356357,0
2021102402,2811,42924,Jesse Davis,T,43361,32,4.6624865328188445,5.464880549307808,2.379771722592453,0
2021102402,2811,52426,Austin Jackson,T,42497,31,3.2843083261320167,4.256310260047363,0.7713245602735991,1
2021102402,2811,52447,Robert Hunt,G,43361,32,4.6624865328188445,5.464880549307808,2.379771722592453,0
2021102402,2811,53471,Liam Eichenberg,T,40463,38,4.231676511285526,5.133823275935608,1.3318489737706254,0
2021102403,994,42474,Shaquille Mason,G,43301,33,5.847672506646456,5.858824012856946,2.7390681769786913,0
2021102403,994,42883,David Andrews,C,46249,24,5.670777376775797,6.506193692124119,3.609360849335711,0
2021102403,994,43510,Ted Karras,C,47786,29,4.32585750022259,5.672094045362415,2.6692751817922944,0
2021102403,994,46092,Isaiah Wynn,T,53053,33,3.895596989355512,4.643608513067959,2.752011018294008,0
2021102403,994,52590,Michael Onwenu,G,46204,27,6.049294435611236,5.665252326772213,2.18689303595325,0
2021102403,1436,42474,Shaquille Mason,G,46249,18,3.696906602712577,5.140443757208932,1.8750487690461928,0
2021102403,1436,42883,David Andrews,C,46249,18,3.696906602712577,5.140443757208932,1.8750487690461928,0
2021102403,1436,43510,Ted Karras,C,46141,8,5.8292920530637256,6.076446300917453,1.7445660142610775,0
2021102403,1436,46092,Isaiah Wynn,T,48247,22,5.8646134841011515,6.360365342771529,2.9024136927194406,0
2021102403,1436,47870,Damien Harris,RB,46141,8,5.8292920530637256,6.076446300917453,1.7445660142610775,0
2021102403,3185,39684,Greg Van Roten,G,46504,11,6.386241802054791,7.086605976332684,3.85556046642741,0
2021102403,3185,41295,Morgan Moses,T,52468,21,10,8.243169029889913,4.981344969147176,0
2021102403,3185,43433,Connor McGovern,C,46504,11,6.386241802054791,7.086605976332684,3.85556046642741,0
2021102403,3185,47875,Chuma Edoga,T,53467,35,7.529090491335712,6.7465776252401675,0.691190752550525,0
2021102403,3185,53443,Alijah Vera-Tucker,G,53467,35,7.529090491335712,6.7465776252401675,0.691190752550525,0
2021102403,3185,53536,Michael Carter,RB,42116,23,5.341500227958205,6.24188703278655,2.5525331716652055,0
2021102403,3682,41069,James Ferentz,C,46249,12,5.55118046290402,6.363091976280823,3.3182858101016617,0
2021102403,3682,42883,David Andrews,C,46249,12,5.55118046290402,6.363091976280823,3.3182858101016617,0
2021102403,3682,43510,Ted Karras,C,47786,27,5.091770268422981,6.086786151303186,3.3314511425298323,0
2021102403,3682,46092,Isaiah Wynn,T,43308,23,2.812729777961791,4.100636189615353,1.1149900321671715,0
2021102403,3682,52590,Michael Onwenu,G,48247,21,10,7.591787062847561,3.549557207801517,0
2021102404,417,37090,Nate Solder,T,47799,22,2.0936652178327453,3.1955872809714907,1.5926224485166598,0
2021102404,417,43695,Matt Skura,C,52415,20,6.8804037234417,6.5057393002163595,1.8114181076334104,0
2021102404,417,46103,Will Hernandez,G,41341,22,9.79908126165239,7.880682373529548,3.103956954969736,0
2021102404,417,52507,Matt Peart,T,44825,22,2.969507576314717,4.094404264458113,2.0926559964354476,0
2021102404,1515,41436,Matt Paradis,C,43332,7,10,9.786337265441295,9.15010853986996,0
2021102404,1515,42424,John Miller,G,47800,5,10,9.244307919313526,7.114988636063603,0
2021102404,1515,44876,Taylor Moton,T,47800,5,10,9.244307919313526,7.114988636063603,0
2021102404,1515,47919,Michael Jordan,G,42349,11,3.368274902531846,4.715301128022353,2.033953279736114,0
2021102405,109,40124,David Quessenberry,G,46144,2,10,10,10,0
2021102405,109,42952,Kendall Lamm,T,42406,9,10,9.799925391394222,8.898000585158671,0
2021102405,109,47865,Nate Davis,G,46144,2,10,10,10,0
2021102405,192,35472,Rodger Saffold,G,47867,5,10,8.719565854272966,6.659809748554841,0
2021102405,192,38629,Ben Jones,C,46144,4,10,10,10,0
2021102405,192,40124,David Quessenberry,G,52585,10,6.640504925459643,7.178683940882673,4.398324303903849,0
2021102405,192,42952,Kendall Lamm,T,42406,8,10,10,10,0
2021102405,192,47865,Nate Davis,G,52585,10,6.640504925459643,7.178683940882673,4.398324303903849,0
2021102405,965,39146,Mike Remmers,T,46110,49,1.8766499904960017,3.724910419802836,0,0
2021102405,965,43367,Joe Thuney,G,47802,24,10,8.885744310553317,5.348794374657036,0
2021102405,965,46152,Orlando Brown,T,47802,24,10,8.885744310553317,5.348794374657036,0
2021102405,965,53492,Creed Humphrey,C,42031,51,2.6992141287231988,4.053398331017971,0,0
2021102405,965,53655,Trey Smith,G,42031,51,2.6992141287231988,4.053398331017971,0,0
2021102405,1380,35472,Rodger Saffold,G,46144,17,8.488603368595532,8.362329557089778,6.0477982837312085,0
2021102405,1380,38629,Ben Jones,C,52585,17,8.198554107682348,7.363234238105053,3.9812448448625184,0
2021102405,1380,40124,David Quessenberry,G,40017,17,4.00643468407254,4.351321024540698,3.4916437265849467,0
2021102405,1380,42569,Bobby Hart,T,42406,10,4.502178724948594,6.017922609976137,2.6634052688399907,1
2021102405,1380,47865,Nate Davis,G,52585,17,8.198554107682348,7.363234238105053,3.9812448448625184,0
2021102405,2507,35472,Rodger Saffold,G,43338,18,6.254531543652603,6.739906630229359,2.816292146564777,0
2021102405,2507,38629,Ben Jones,C,43338,18,6.254531543652603,6.739906630229359,2.816292146564777,0
2021102405,2507,40124,David Quessenberry,G,42406,20,6.066273726695195,6.441132662621014,3.286286449171339,0
2021102405,2507,42569,Bobby Hart,T,52585,25,2.61302574344087,3.552033121746964,1.0289327692530852,0
2021102405,2507,47865,Nate Davis,G,43326,20,6.14471094025583,6.3618985778127435,1.124147893222947,0
2021102405,2697,43367,Joe Thuney,G,53073,25,10,10,10,0
2021102405,2697,46152,Orlando Brown,T,46110,21,4.89426152956785,5.808998235031222,2.81069813534161,0
2021102405,2697,53492,Creed Humphrey,C,53073,25,10,10,10,0
2021102405,2697,53655,Trey Smith,G,47802,25,8.929161803292034,6.993458674601553,1.3940598064212637,0
2021102405,2754,39146,Mike Remmers,T,46457,26,4.180295822192043,5.114416316166102,1.5318066507058783,0
2021102405,2754,43367,Joe Thuney,G,53073,14,8.588574330763457,8.38278676750311,5.2553064048948235,0
2021102405,2754,46152,Orlando Brown,T,46110,26,3.201300235702047,4.228225183783252,0.7357306801259891,0
2021102405,2754,53492,Creed Humphrey,C,52582,17,10,8.224338996064937,3.442633682316458,0
2021102405,2754,53655,Trey Smith,G,52582,17,10,8.224338996064937,3.442633682316458,0
2021102405,3484,39146,Mike Remmers,T,42365,28,5.918827953833453,6.353105191704383,3.816561450838963,0
2021102405,3484,43367,Joe Thuney,G,47802,36,3.9663492536231653,4.737694560989605,0.25455917263765204,0
2021102405,3484,46152,Orlando Brown,T,46457,38,2.9267237668774033,4.444674258078609,0.6212426284140646,0
2021102405,3484,53492,Creed Humphrey,C,47802,36,3.9663492536231653,4.737694560989605,0.25455917263765204,0
2021102405,3484,53655,Trey Smith,G,42031,37,1.447841927728411,4.28521898739423,0,1
2021102405,3806,39146,Mike Remmers,T,45533,23,4.456287604304806,5.502241947193668,2.9286356269096125,0
2021102405,3806,43367,Joe Thuney,G,52582,12,10,10,10,0
2021102405,3806,46152,Orlando Brown,T,52582,12,10,10,10,0
2021102405,3806,46526,Darrel Williams,RB,47971,23,2.0547645387119955,2.6402799510690564,0.8156677888716859,0
2021102405,3806,53492,Creed Humphrey,C,53900,23,10,8.320327749126045,3.6649762459486825,0
2021102405,3806,53655,Trey Smith,G,53900,23,10,8.320327749126045,3.6649762459486825,0
2021102405,4077,39146,Mike Remmers,T,45533,21,4.202554481640919,5.091005914022524,1.9044731088457616,0
2021102405,4077,43367,Joe Thuney,G,46457,21,4.588115592226612,5.066337426074201,1.9870729276836316,0
2021102405,4077,46152,Orlando Brown,T,43062,21,4.510517292766,5.393858180872783,2.4613386250311544,0
2021102405,4077,53492,Creed Humphrey,C,46457,21,4.588115592226612,5.066337426074201,1.9870729276836316,0
2021102405,4077,53655,Trey Smith,G,53900,17,8.256003295432883,7.452834654222849,2.665028565215139,0
2021102406,990,46679,Evan Brown,C,41239,5,10,10,10,0
2021102406,990,48455,Matt Nelson,T,43298,24,4.466768439533843,5.576958391138274,1.146946295744041,0
2021102406,990,52483,Jonah Jackson,G,41239,5,10,10,10,0
2021102406,990,53436,Penei Sewell,T,46229,23,10,9.87725601895137,8.850317689404985,0
2021102406,2790,30869,Andrew Whitworth,T,52475,23,2.2381889224638365,3.9788737951840507,1.391654758016782,0
2021102406,2790,42400,Rob Havenstein,T,53470,11,10,9.370101894714953,7.74490883617294,0
2021102406,2790,46102,Austin Corbett,G,53470,11,10,9.370101894714953,7.74490883617294,0
2021102406,2790,46180,Brian Allen,C,52605,20,5.725252957974099,6.369608321406447,2.332250397565484,0
2021102406,2790,47952,David Edwards,G,44834,16,4.877446849330162,5.911100282392633,2.973984948640539,0
2021102406,3407,30869,Andrew Whitworth,T,44834,9,10,10,10,0
2021102406,3407,42400,Rob Havenstein,T,40171,2,10,10,10,0
2021102406,3407,46102,Austin Corbett,G,38544,7,2.7805175988626445,4.1612766998824995,1.9351320813664223,0
2021102406,3407,46180,Brian Allen,C,38544,7,2.7805175988626445,4.1612766998824995,1.9351320813664223,0
2021102406,3407,47853,Darrell Henderson,RB,42444,10,2.3295397168508467,3.983843858596654,1.514603106942152,0
2021102407,569,46084,Kolton Miller,T,44826,22,4.828364087057293,5.993538838664637,2.875321046791374,0
2021102407,569,46134,Brandon Parker,T,46199,28,3.2485734968404727,4.956737868438491,1.848405965293612,0
2021102407,569,52517,John Simpson,G,43378,28,2.7088897139046404,3.466688748366809,1.4195480046646358,1
2021102407,569,53446,Alex Leatherwood,T,38542,17,9.096857023958693,7.937548494464554,4.4226935536851775,0
2021102408,199,41293,Justin Britt,C,52522,27,4.739368379931241,6.027798992678807,3.3292025861153185,0
2021102408,199,46143,Geron Christian,T,37084,23,10,7.602145785106091,3.799698908225949,0
2021102408,199,47806,Tytus Howard,T,37084,23,10,7.602145785106091,3.799698908225949,0
2021102408,199,47838,Max Scharping,G,42395,24,3.6325076552381423,4.897917381450039,2.7789286165001026,0
2021102408,199,52534,Charlie Heck,T,42395,24,3.6325076552381423,4.897917381450039,2.7789286165001026,0
2021102408,2621,41293,Justin Britt,C,52522,18,8.863313111056856,7.940621608788391,4.367689862145564,0
2021102408,2621,41630,Justin McCray,C,48032,34,3.1344692466562507,3.643552246025345,0,1
2021102408,2621,46143,Geron Christian,T,42401,26,8.185709651050967,7.583793425671691,3.512842246649893,0
2021102408,2621,47806,Tytus Howard,T,52522,18,8.863313111056856,7.940621608788391,4.367689862145564,0
2021102408,2621,52534,Charlie Heck,T,41403,34,2.7248019026708308,4.1872348926145335,1.2163084350535318,0
2021102408,2683,38779,Kelvin Beachum,T,44863,11,5.87961440860735,6.8384840382121395,4.037671557384142,0
2021102408,2683,39965,Justin Pugh,G,43372,21,4.146993578919708,5.384646673400324,2.6074724477965083,0
2021102408,2683,42367,D.J. Humphries,T,47944,23,10,8.58584999256816,5.276942746591805,0
2021102408,2683,42476,Max Garcia,C,52448,12,4.824406987459872,5.774581737277794,3.0602515613257513,0
2021102408,2683,44917,James Conner,RB,43372,21,4.146993578919708,5.384646673400324,2.6074724477965083,0
2021102408,2683,52480,Josh Jones,G,44863,11,5.87961440860735,6.8384840382121395,4.037671557384142,0
2021102408,3720,41293,Justin Britt,C,53445,18,3.6255207321147953,4.809763067384696,2.8934612095428216,0
2021102408,3720,41630,Justin McCray,C,53445,18,3.6255207321147953,4.809763067384696,2.8934612095428216,0
2021102408,3720,46143,Geron Christian,T,48032,18,10,9.974674937487634,9.658688708388269,0
2021102408,3720,52534,Charlie Heck,T,41722,18,3.6110033191465956,4.339469005065959,1.3568893421802073,0
2021102409,330,29550,Jason Peters,T,41915,24,1.847949337857236,3.1513716780216603,1.2424580103645744,0
2021102409,330,43345,Cody Whitehair,G,35441,24,8.839817722325808,6.777481893575505,1.6689271654721978,0
2021102409,330,46108,James Daniels,G,46081,18,6.060135433682422,6.505154770878487,3.316291481072744,0
2021102409,330,48159,Sam Mustipher,C,46081,18,6.060135433682422,6.505154770878487,3.316291481072744,0
2021102409,330,52635,Lachavious Simmons,G,35454,24,3.1244271880493915,4.296853655180585,1.6414774468544158,0
2021102409,909,40151,Ryan Jensen,C,42443,17,10,7.585336503673658,3.41851171924301,0
2021102409,909,42377,Donovan Smith,T,42378,14,7.408779746745189,7.307403478203684,3.9518265406403303,0
2021102409,909,42404,Ali Marpet,G,42378,14,7.408779746745189,7.307403478203684,3.9518265406403303,0
2021102409,909,46163,Alex Cappa,G,46077,21,3.845538430927786,5.274145758766674,2.2601785144810447,0
2021102409,909,52421,Tristan Wirfs,T,41231,21,2.765589598469865,3.527415976677954,1.0448696588567383,0
2021102409,1781,40151,Ryan Jensen,C,53679,14,4.011806616705079,5.661642577357925,2.010496868849565,0
2021102409,1781,42377,Donovan Smith,T,52563,24,6.622253905393436,6.010475026681671,1.1672002290205317,0
2021102409,1781,42404,Ali Marpet,G,46214,13,3.0745544765295665,4.997432015765455,1.3488803445779414,0
2021102409,1781,46163,Alex Cappa,G,53679,14,4.011806616705079,5.661642577357925,2.010496868849565,0
2021102409,1781,52421,Tristan Wirfs,T,53910,23,3.2088521481991497,5.095445034170128,1.6795642468678076,0
2021102409,1932,29550,Jason Peters,T,35454,20,3.3554891904885924,4.542947398893598,2.3632985911001003,0
2021102409,1932,43345,Cody Whitehair,G,46081,20,3.611300084163677,3.887320581864707,1.6817796590000202,0
2021102409,1932,46108,James Daniels,G,35441,20,10,8.844104194473985,6.022314850383716,0
2021102409,1932,48158,Alex Bars,G,41915,16,4.7674321910944535,5.825540683118702,3.5883630904054367,0
2021102409,1932,48159,Sam Mustipher,C,46081,20,3.611300084163677,3.887320581864707,1.6817796590000202,0
2021102410,2719,34472,Alex Mack,C,44957,9,4.593314449854465,5.73518011313279,1.842490509333656,0
2021102410,2719,42371,Laken Tomlinson,G,44957,9,4.593314449854465,5.73518011313279,1.842490509333656,0
2021102410,2719,45069,Daniel Brunskill,G,44957,9,4.593314449854465,5.73518011313279,1.842490509333656,0
2021102410,2719,46078,Mike McGlinchey,T,45009,6,10,10,10,0
2021102410,2719,52598,Charlie Woerner,TE,53450,16,5.499446956062403,6.637323018227184,3.3982509350000014,0
2021102410,3374,39947,Eric Fisher,T,47785,20,7.171917063438678,6.942548681328012,2.9407665174447115,0
2021102410,3374,42765,Chris Reed,G,45011,30,7.728598194194171,6.936769500086068,1.8256179069562144,0
2021102410,3374,43307,Ryan Kelly,C,42360,21,8.942779670234762,7.580618618457992,3.893517750364446,0
2021102410,3374,46075,Quenton Nelson,G,42360,21,8.942779670234762,7.580618618457992,3.893517750364446,0
2021102410,3374,46173,Nyheim Hines,RB,53609,30,1.7665872312925244,2.9948008139736433,1.020538921802216,0
2021102410,3374,46275,Matt Pryor,T,41249,30,3.8435220486433233,5.025096715705744,0.7303137206166346,0
2021102500,3660,40023,Terron Armstead,T,52556,27,2.9841087469720216,3.6184034179390756,1.138671439882569,0
2021102500,3660,44844,Ryan Ramczyk,T,41786,27,6.918221446966042,7.104729803785407,3.040218484882965,0
2021102500,3660,47831,Erik McCoy,C,46487,16,10,6.779127969113541,1.0759191109998962,0
2021102500,3660,52432,Cesar Ruiz,G,46487,16,10,6.779127969113541,1.0759191109998962,0
2021102500,3660,52666,Calvin Throckmorton,T,46148,22,10,8.336388118757856,4.0255683750534415,0
2021102500,3904,33107,Duane Brown,T,46083,27,2.9992395013728936,4.620997963060209,0.9527531414145936,0
2021102500,3904,41310,Gabe Jackson,G,44871,23,3.931403905029805,5.25740631406291,2.0232440349482723,0
2021102500,3904,43447,Brandon Shell,T,37097,25,4.442352479712163,5.124773450300455,2.5548402884505492,0
2021102500,3904,45056,Kyle Fuller,G,44871,23,3.931403905029805,5.25740631406291,2.0232440349482723,0
2021102500,3904,46237,Jamarco Jones,T,46083,27,2.9992395013728936,4.620997963060209,0.9527531414145936,0
2021102800,784,41296,Billy Turner,T,38551,22,4.075815982660087,4.860590411699035,2.418784780880064,0
2021102800,784,47827,Elgton Jenkins,G,42395,13,7.404873714562719,7.183606672971413,3.2810751867078656,0
2021102800,784,52600,Jon Runyan,G,42395,13,7.404873714562719,7.183606672971413,3.2810751867078656,0
2021102800,784,53571,Royce Newman,T,48032,16,6.264061415604269,6.544832496134324,2.7266554422940334,0
2021102800,2413,38779,Kelvin Beachum,T,47795,42,2.0505618126513943,3.396714856266789,1.3149297464471297,0
2021102800,2413,39965,Justin Pugh,G,38556,35,6.547681625260798,6.903814195050906,2.8563548897848547,1
2021102800,2413,42367,D.J. Humphries,T,42381,40,3.319475517301065,4.331374090990568,1.9310632517624056,0
2021102800,2413,44949,Sean Harlow,G,43316,32,10,8.775616630260117,5.715970665169374,0
2021102800,2413,52480,Josh Jones,G,43316,32,10,8.775616630260117,5.715970665169374,0
2021102800,2435,38779,Kelvin Beachum,T,47795,18,3.0231130778057906,4.2483562993319275,1.9894322990971,0
2021102800,2435,39965,Justin Pugh,G,38556,18,3.4232338006561505,4.593607351954547,1.2758450225860627,0
2021102800,2435,42367,D.J. Humphries,T,42381,18,2.5615685459743833,3.9738666404867153,1.3321178618301202,0
2021102800,2435,44949,Sean Harlow,G,38556,18,3.4232338006561505,4.593607351954547,1.2758450225860627,0
2021102800,2435,52480,Josh Jones,G,43426,18,7.618977399373813,7.819637950320108,4.471421552779913,0
2021103100,722,41436,Matt Paradis,C,42869,24,4.972094072282935,5.3952165634362235,2.0468746462430376,0
2021103100,722,42362,Cameron Erving,T,42869,24,4.972094072282935,5.3952165634362235,2.0468746462430376,1
2021103100,722,44876,Taylor Moton,T,40463,34,2.9602824339184197,2.891667316488247,0,1
2021103100,722,46755,Trenton Scott,T,42480,27,3.186448790274391,4.199539861620793,0.8321119795989135,0
2021103100,722,47919,Michael Jordan,G,52455,25,2.9265684211100567,3.451449895202651,0.2848686193149058,0
2021103100,798,42469,Mike Davis,RB,47799,9,1.1950183936061547,3.343566368786344,0.42950431107284653,0
2021103100,798,47797,Chris Lindstrom,G,41341,5,8.914862685289762,8.836886796057227,6.445196198472107,0
2021103100,798,47814,Kaleb McGary,T,41341,5,8.914862685289762,8.836886796057227,6.445196198472107,0
2021103100,798,53497,Jalen Mayfield,G,47799,9,1.1950183936061547,3.343566368786344,0.42950431107284653,0
2021103100,1879,41436,Matt Paradis,C,42480,21,9.334356577260875,8.397008496499861,5.418235806293797,0
2021103100,1879,42362,Cameron Erving,T,40095,32,5.009944881537566,6.164173240346714,2.2026713471349244,0
2021103100,1879,44876,Taylor Moton,T,53611,33,4.952386792243673,5.5843804751380075,4.125083743151837,0
2021103100,1879,46755,Trenton Scott,T,42480,21,9.334356577260875,8.397008496499861,5.418235806293797,0
2021103100,1879,47919,Michael Jordan,G,52455,28,4.110793474289203,5.091737305083362,0.9286024300176524,0
2021103100,2051,37234,Lee Smith,TE,47799,10,4.0333722722301335,5.1248143069811025,3.7527733540180424,0
2021103100,2051,41232,Jake Matthews,T,44825,19,8.17522527473115,7.887077247924295,4.13159521591525,0
2021103100,2051,47797,Chris Lindstrom,G,52415,8,5.337827607032608,5.950146775335341,1.8187498029024076,0
2021103100,2051,47814,Kaleb McGary,T,52415,8,5.337827607032608,5.950146775335341,1.8187498029024076,0
2021103100,2051,52486,Matt Hennessy,C,41341,7,4.508673330444475,5.379868634230663,3.558376249369447,0
2021103100,2051,53497,Jalen Mayfield,G,41341,7,4.508673330444475,5.379868634230663,3.558376249369447,0
2021103101,799,42565,Austin Reiter,C,43319,15,7.53450285777975,7.552391393205837,4.473921259841317,0
2021103101,799,42924,Jesse Davis,T,52462,20,5.461050801189943,6.1700394293015375,3.559592953786611,0
2021103101,799,52426,Austin Jackson,T,46165,7,10,10,10,0
2021103101,799,52447,Robert Hunt,G,37841,12,9.838145412220724,8.89918407910338,6.252562335293488,0
2021103101,799,53471,Liam Eichenberg,T,46165,7,10,10,10,0
2021103101,2527,42392,Mitch Morse,C,53447,32,3.806857530827876,4.7515783014548765,1.9269763773691175,0
2021103101,2527,42445,Daryl Williams,T,44887,35,4.565397010294941,5.454302082892893,1.723827361658926,0
2021103101,2527,42471,Jon Feliciano,G,45274,31,7.47316101866554,7.526086649518355,3.93878793268527,0
2021103101,2527,44875,Dion Dawkins,T,43321,32,4.617717698169083,5.362947040482274,1.719971767348251,0
2021103101,2527,46689,Ike Boettger,G,53447,32,3.806857530827876,4.7515783014548765,1.9269763773691175,0
2021103101,2813,42392,Mitch Morse,C,52464,32,3.7549302660896586,4.7733682566194515,1.7830057585827128,0
2021103101,2813,42445,Daryl Williams,T,53447,36,2.202989663737891,2.7392109773803033,0,0
2021103101,2813,42471,Jon Feliciano,G,47796,24,5.990930473728237,6.695741121042856,2.9982077885047045,0
2021103101,2813,44875,Dion Dawkins,T,44887,31,5.849515179052189,6.333004615487466,2.169899930495143,0
2021103101,2813,46689,Ike Boettger,G,46307,27,5.447985221967976,5.393278245550184,1.1059159845392461,0
2021103101,2813,52494,Zack Moss,RB,52478,30,1.6531858352508015,3.0503072767812753,0.8730953274851376,1
2021103101,3520,42565,Austin Reiter,C,43319,12,5.891573256302438,6.600553640499028,3.1932544843421056,0
2021103101,3520,42924,Jesse Davis,T,53459,21,4.829906269205875,5.307629272555807,1.7023749917205415,0
2021103101,3520,52426,Austin Jackson,T,46165,21,7.95567671916017,7.536836069493254,2.7151505689027533,0
2021103101,3520,52447,Robert Hunt,G,43319,12,5.891573256302438,6.600553640499028,3.1932544843421056,0
2021103101,3520,53471,Liam Eichenberg,T,52462,21,5.921344727812918,6.127492581264794,2.6052039117343435,0
2021103102,870,29550,Jason Peters,T,44885,26,2.139915889035211,3.6487651921724944,0.5388313083559828,1
2021103102,870,43345,Cody Whitehair,G,44938,26,4.30907227215095,4.900030623126746,2.539695798716016,0
2021103102,870,46108,James Daniels,G,42360,23,7.3131066660552735,6.691391438109555,2.469296162314202,0
2021103102,870,48159,Sam Mustipher,C,44938,26,4.30907227215095,4.900030623126746,2.539695798716016,0
2021103102,870,53580,Larry Borom,T,47785,26,4.083478304223005,4.66265124431088,2.071916890574213,0
2021103102,2312,29550,Jason Peters,T,44938,22,3.191353045651907,4.347121578465042,2.1259140627580906,0
2021103102,2312,43345,Cody Whitehair,G,45011,22,6.4087013084511115,7.539944961127255,5.19567760662236,0
2021103102,2312,46108,James Daniels,G,42360,22,6.004758597171753,5.987375865298482,3.0906687412826677,0
2021103102,2312,48159,Sam Mustipher,C,42360,22,6.004758597171753,5.987375865298482,3.0906687412826677,0
2021103102,2312,53580,Larry Borom,T,47785,22,3.0107256389222163,4.242158389424811,1.8779519821247797,0
2021103103,148,40070,J.C. Tretter,C,44886,25,3.6197999781619656,5.366992916284653,1.2541892538575852,0
2021103103,148,43297,Jack Conklin,T,44842,31,5.181164547799106,5.90343067463557,1.596661936929675,0
2021103103,148,43370,Austin Hooper,TE,52510,36,6.494237284482861,6.090933966700498,1.559644891722701,0
2021103103,148,46235,Wyatt Teller,G,44842,31,5.181164547799106,5.90343067463557,1.596661936929675,0
2021103103,148,47605,D'Ernest Johnson,RB,52510,36,6.494237284482861,6.090933966700498,1.559644891722701,0
2021103103,148,52418,Jedrick Wills,T,37104,26,3.5476920371603877,5.390908654794415,0.919544225720863,0
2021103103,765,40070,J.C. Tretter,C,47975,6,8.536127413240749,7.5477331118720725,4.105791956076666,0
2021103103,765,41264,Joel Bitonio,G,47975,6,8.536127413240749,7.5477331118720725,4.105791956076666,0
2021103103,765,43297,Jack Conklin,T,52662,33,2.6089208400100112,4.68982286049027,1.419827942383389,1
2021103103,765,44841,David Njoku,TE,53585,37,3.6020045139502,4.8760839213685685,1.6336699420211984,0
2021103103,765,46235,Wyatt Teller,G,44886,18,2.141157953405235,4.501429628665349,0.7910592834782554,1
2021103103,765,52418,Jedrick Wills,T,53585,37,3.6020045139502,4.8760839213685685,1.6336699420211984,0
2021103103,1233,40070,J.C. Tretter,C,37104,18,5.138390555930938,5.565187607234097,1.5112432643995786,0
2021103103,1233,41264,Joel Bitonio,G,37104,18,5.138390555930938,5.565187607234097,1.5112432643995786,0
2021103103,1233,46235,Wyatt Teller,G,53585,22,8.782987523928554,6.3858959162591,1.3140475363772055,0
2021103103,1233,48485,Blake Hance,G,44840,18,10,8.327333366789901,4.506471117379528,0
2021103103,1233,52418,Jedrick Wills,T,52510,30,4.46265428709629,4.316760824587863,0.6212496777088112,0
2021103103,1255,40070,J.C. Tretter,C,52510,26,7.528209492271232,7.378965210375746,2.44295123677363,0
2021103103,1255,41264,Joel Bitonio,G,37104,15,8.262800234207162,7.4389039525764975,2.4460185548375155,0
2021103103,1255,46235,Wyatt Teller,G,53585,26,9.013648585370278,6.889566890384645,1.0378183364384244,0
2021103103,1255,48485,Blake Hance,G,44842,26,3.399694414549354,5.132824033141967,1.5018236066146562,0
2021103103,1255,52418,Jedrick Wills,T,52510,26,7.528209492271232,7.378965210375746,2.44295123677363,0
2021103103,2580,46161,Chukwuma Okorafor,T,44847,13,10,8.439691246615817,4.867000985759702,0
2021103103,2580,52543,Kevin Dotson,G,37317,23,2.513990920117205,2.507834629556166,1.9612684883092804,0
2021103103,2580,53453,Najee Harris,RB,37317,23,2.513990920117205,2.507834629556166,1.9612684883092804,0
2021103103,2580,53516,Kendrick Green,C,38667,23,4.917522763362186,4.2779703816231525,0.5967746890170069,1
2021103103,2580,53557,Dan Moore,T,44813,23,2.135431104964122,3.21205027223457,1.0775048370641187,0
2021103103,2955,40070,J.C. Tretter,C,37104,21,10,10,10,0
2021103103,2955,41264,Joel Bitonio,G,37104,21,10,10,10,0
2021103103,2955,46235,Wyatt Teller,G,44840,24,4.7958567627094535,5.772834240369784,1.9030994948947848,0
2021103103,2955,48485,Blake Hance,G,44840,24,4.7958567627094535,5.772834240369784,1.9030994948947848,0
2021103103,2955,52418,Jedrick Wills,T,52510,29,4.647297446503148,5.076488132325986,1.5766933648817756,0
2021103104,1791,43453,Halapoulivaati Vaitai,G,38542,10,4.578030381858281,5.647057951823313,2.601869529572662,0
2021103104,1791,46679,Evan Brown,C,38542,10,4.578030381858281,5.647057951823313,2.601869529572662,0
2021103104,1791,48455,Matt Nelson,T,37089,20,6.589068733426341,6.569092523557777,3.511893528866893,0
2021103104,1791,52483,Jonah Jackson,G,42929,14,3.3849007604193178,4.742496655881418,2.1757794795253345,0
2021103104,1791,53436,Penei Sewell,T,43378,20,2.5891996963484387,3.8360645447029627,1.8091260427793567,1
2021103105,188,42400,Rob Havenstein,T,52448,21,10,8.178919365623315,4.3795829350662885,0
2021103105,188,46102,Austin Corbett,G,52448,21,10,8.178919365623315,4.3795829350662885,0
2021103105,188,46158,Joseph Noteboom,T,43372,33,4.021692716290598,4.625424865422113,1.3444622275891205,0
2021103105,188,46180,Brian Allen,C,44863,33,3.975894672869281,4.888048043552261,0.35665288465245276,1
2021103105,188,47952,David Edwards,G,44863,33,3.975894672869281,4.888048043552261,0.35665288465245276,0
2021103107,1579,38553,Riley Reiff,T,43301,10,6.073302569342294,6.606762938312937,3.3050008310185137,0
2021103107,1579,41619,Trey Hopkins,C,46249,15,7.067693165753186,7.260382257694942,2.9347129110406014,0
2021103107,1579,43045,Quinton Spain,G,46204,13,10,8.128323069339382,2.7306815917912703,0
2021103107,1579,53475,Jackson Carman,G,43301,10,6.073302569342294,6.606762938312937,3.3050008310185137,0
2021103107,2397,38553,Riley Reiff,T,52487,21,3.407078493526468,5.076643159000106,2.3320355044236925,0
2021103107,2397,41619,Trey Hopkins,C,43301,21,10,8.487935641962164,5.009776006782803,0
2021103107,2397,43045,Quinton Spain,G,46141,14,8.743341245238835,8.127388589741201,5.083134584241171,0
2021103107,2397,47794,Jonah Williams,T,48247,21,3.3505393629981675,4.225339922267785,2.1048538295427384,0
2021103107,2397,53475,Jackson Carman,G,43301,21,10,8.487935641962164,5.009776006782803,0
2021103107,2532,39684,Greg Van Roten,G,44877,45,3.966040588591017,4.554514306820679,0.45471962792148574,0
2021103107,2532,41295,Morgan Moses,T,46146,25,3.903170416235645,5.5088216368196194,1.2382685446341628,0
2021103107,2532,42428,Tyler Kroft,TE,44915,50,4.246953332757814,5.182931826868654,1.3801719178697378,0
2021103107,2532,43433,Connor McGovern,C,44877,45,3.966040588591017,4.554514306820679,0.45471962792148574,0
2021103107,2532,47875,Chuma Edoga,T,43455,24,1.8627589175728372,3.34193410722026,1.0921233142773077,0
2021103107,2532,53443,Alijah Vera-Tucker,G,43455,24,1.8627589175728372,3.34193410722026,1.0921233142773077,1
2021103107,3445,38553,Riley Reiff,T,46204,26,5.182592446019127,6.222063227184282,3.06348753754431,0
2021103107,3445,41619,Trey Hopkins,C,47786,30,4.257506540579598,5.379132254060894,2.020670696468933,0
2021103107,3445,43045,Quinton Spain,G,47786,30,4.257506540579598,5.379132254060894,2.020670696468933,0
2021103107,3445,47794,Jonah Williams,T,43308,34,2.4557599966049812,3.8252147625131463,1.5211873269112055,0
2021103107,3445,53475,Jackson Carman,G,46249,39,6.391574170491018,6.846632127472854,2.6390821228532406,0
2021103108,415,42474,Shaquille Mason,G,46153,23,4.5977054608864965,5.267981028266154,0.42047076760456736,0
2021103108,415,42883,David Andrews,C,46117,22,6.780012482509294,6.846544258587825,3.298899143779023,0
2021103108,415,43510,Ted Karras,C,47811,23,5.7789085896505235,6.548867131748822,2.928191250908922,0
2021103108,415,46092,Isaiah Wynn,T,46117,22,6.780012482509294,6.846544258587825,3.298899143779023,0
2021103108,415,52590,Michael Onwenu,G,43292,27,3.405260370573234,5.136148003547797,2.4095136318543564,0
2021103108,648,38681,Senio Kelemete,G,37308,20,4.519492790401709,5.556733722466036,2.0594083758604023,0
2021103108,648,41324,Michael Schofield,G,44991,16,4.237542346303212,5.632169270197356,1.8698652661470392,0
2021103108,648,41390,Corey Linsley,C,38555,11,1.9966166798993183,2.4922003240598496,1.409025890208646,0
2021103108,648,41959,Matt Feiler,G,38555,11,1.9966166798993183,2.4922003240598496,1.409025890208646,0
2021103108,648,45630,Storm Norton,T,44944,33,7.290490499625197,6.8010086349549415,1.3665621872855926,0
2021103108,648,46320,Justin Jackson,RB,46212,25,2.9032833202557957,4.836876234306807,2.029112888536448,0
2021103108,648,53442,Rashawn Slater,T,37308,20,4.519492790401709,5.556733722466036,2.0594083758604023,0
2021103108,2965,42474,Shaquille Mason,G,42559,4,10,10,10,0
2021103108,2965,42883,David Andrews,C,35485,4,10,10,10,0
2021103108,2965,43510,Ted Karras,C,35485,4,10,10,10,0
2021103108,2965,46092,Isaiah Wynn,T,43377,11,4.220418780871932,5.781361992013459,2.8976508384185653,0
2021103108,2965,52590,Michael Onwenu,G,53547,19,9.487407695138426,8.079652413623851,2.876418061176721,0
2021103108,3332,41324,Michael Schofield,G,46504,20,9.761683662708183,8.914295123206808,7.106827699569646,0
2021103108,3332,41390,Corey Linsley,C,46504,20,9.761683662708183,8.914295123206808,7.106827699569646,0
2021103108,3332,41959,Matt Feiler,G,53467,17,10,8.66065310635267,4.4641235170622995,0
2021103108,3332,45630,Storm Norton,T,52468,31,2.8889080328806567,3.7972412026689817,0.631148438175064,1
2021103108,3332,53442,Rashawn Slater,T,53467,17,10,8.66065310635267,4.4641235170622995,0
2021103108,3872,41324,Michael Schofield,G,53467,42,1.6660689047371888,4.032384452957527,0,1
2021103108,3872,41390,Corey Linsley,C,46504,20,10,7.175569462259007,2.47939769762241,0
2021103108,3872,41959,Matt Feiler,G,46504,20,10,7.175569462259007,2.47939769762241,0
2021103108,3872,45630,Storm Norton,T,53467,42,1.6660689047371888,4.032384452957527,0,0
2021103108,3872,53442,Rashawn Slater,T,52468,31,4.8920553411471035,5.08355475239198,1.5403912012486656,0
2021103109,414,33107,Duane Brown,T,43787,14,6.306638262611987,6.488751971843669,2.5558386656823515,0
2021103109,414,41310,Gabe Jackson,G,42375,13,9.760411413961917,7.014460650313044,2.2561304084155287,0
2021103109,414,43447,Brandon Shell,T,44880,15,10,8.213282881497795,4.105200320738988,0
2021103109,414,44870,Ethan Pocic,C,42375,13,9.760411413961917,7.014460650313044,2.2561304084155287,0
2021103109,414,46189,Will Dissly,TE,47790,19,3.1977442298818284,5.156167373566313,0.47686007390182306,1
2021103109,414,52477,Damien Lewis,G,43787,14,6.306638262611987,6.488751971843669,2.5558386656823515,0
2021103109,2095,41665,Tyler Shatley,G,46148,20,10,7.894955524089776,3.5917070469378047,0
2021103109,2095,41939,Andrew Norwell,G,46148,20,10,7.894955524089776,3.5917070469378047,0
2021103109,2095,44846,Cam Robinson,T,52456,29,6.0283218680452615,6.756677081738594,2.947031747496205,0
2021103109,2095,47818,Jawaan Taylor,T,35493,31,3.4103655964308373,4.560675589897565,2.5911981992642916,0
2021103109,2095,52524,Ben Bartch,T,41786,31,4.33602439812507,5.372037885054983,2.174109528059259,0
2021103109,2688,41665,Tyler Shatley,G,48198,9,5.133646849189753,6.138498677564277,2.414868560265322,0
2021103109,2688,41939,Andrew Norwell,G,48198,9,5.133646849189753,6.138498677564277,2.414868560265322,0
2021103109,2688,42302,Chris Manhertz,TE,35493,5,10,10,10,0
2021103109,2688,52524,Ben Bartch,T,43318,18,2.802032512105507,3.9483334075637453,1.6680415231067995,0
2021103110,530,38642,Bobby Massie,T,46082,19,6.097149453111814,6.85020072808472,3.811536843392754,0
2021103110,530,43384,Graham Glasgow,G,46082,19,6.097149453111814,6.85020072808472,3.811536843392754,0
2021103110,530,44832,Garett Bolles,T,47809,23,5.192593519340285,6.162558126085468,3.3445572447540264,0
2021103110,530,47824,Dalton Risner,G,44829,16,10,7.71575701412093,3.875716283284745,0
2021103110,530,52491,Lloyd Cushenberry,C,52410,23,10,9.505434851169477,7.0864190561516756,0
2021103110,3083,38642,Bobby Massie,T,52410,20,6.894807951887069,7.069919922233479,3.4427288208235187,0
2021103110,3083,43384,Graham Glasgow,G,52410,20,6.894807951887069,7.069919922233479,3.4427288208235187,0
2021103110,3083,44832,Garett Bolles,T,44829,26,3.8570614327922943,4.646885830315044,2.235239534793676,0
2021103110,3083,47824,Dalton Risner,G,44829,26,3.8570614327922943,4.646885830315044,2.235239534793676,0
2021103110,3083,52491,Lloyd Cushenberry,C,43441,18,9.592895619030829,8.470938767343755,5.542813058560899,0
2021103111,2002,40023,Terron Armstead,T,40074,13,9.698719486780147,8.730195224251311,4.7322220468861955,0
2021103111,2002,41532,James Hurst,T,40074,13,9.698719486780147,8.730195224251311,4.7322220468861955,0
2021103111,2002,44844,Ryan Ramczyk,T,35454,19,4.262818114913425,5.5413624085029145,1.393978823607754,0
2021103111,2002,44879,Alvin Kamara,RB,47788,18,6.430798231853665,5.878269306181514,0.6675990191414215,0
2021103111,2002,47831,Erik McCoy,C,46081,14,10,8.229990185398238,3.2520815234380143,0
2021103111,2002,52432,Cesar Ruiz,G,35441,19,10,8.997841798581204,5.721292810906015,0
2021103111,2603,40151,Ryan Jensen,C,42553,12,10,10,10,0
2021103111,2603,42377,Donovan Smith,T,48537,22,2.917741025389127,4.0796657269960575,1.02156382738485,0
2021103111,2603,42404,Ali Marpet,G,44905,22,10,9.992349617464225,9.83169158421296,0
2021103111,2603,46163,Alex Cappa,G,42553,12,10,10,10,0
2021103111,2603,52421,Tristan Wirfs,T,44871,22,4.563421925568073,4.997250063089011,1.9175539764844067,0
2021103111,4489,40151,Ryan Jensen,C,44871,34,5.788089472062798,6.5097228814544525,2.565030237838385,0
2021103111,4489,42377,Donovan Smith,T,46083,30,3.489398879533697,3.817481957813363,0.7102869013339199,0
2021103111,4489,42404,Ali Marpet,G,42467,26,2.3946558416617942,4.424656950992044,1.4987637975511374,0
2021103111,4489,46163,Alex Cappa,G,44871,34,5.788089472062798,6.5097228814544525,2.565030237838385,0
2021103111,4489,52421,Tristan Wirfs,T,37097,29,10,6.709553090209793,1.2352253211598232,0
2021103112,2352,36785,Ty Nsekhe,T,35539,35,3.0123206778443135,4.270143333589718,1.808888892978832,0
2021103112,2352,41242,Zack Martin,G,44867,22,4.0744217965499825,5.441651355857389,2.268357798352036,0
2021103112,2352,46119,Connor Williams,G,47973,33,5.8419452068106645,6.57382942883639,3.5063778708480244,0
2021103112,2352,52554,Tyler Biadasz,C,47973,33,5.8419452068106645,6.57382942883639,3.5063778708480244,0
2021103112,2352,52938,Terence Steele,T,52525,31,2.942961302979786,4.655519417967532,1.271564347019525,0
2021103112,2938,36785,Ty Nsekhe,T,52633,3,10,10,10,0
2021103112,2938,41242,Zack Martin,G,41235,9,4.636002046542775,5.696277537924215,3.703048126680794,0
2021103112,2938,52554,Tyler Biadasz,C,52538,9,10,8.76018008395772,6.5683915813748,0
2021103112,2938,52938,Terence Steele,T,44867,11,7.985965432203883,8.419266545132226,6.363959582228407,0
2021103112,3024,46131,Brian O'Neill,T,42667,4,9.43134690917837,9.2117425542935,7.98427639881726,0
2021103112,3024,47801,Garrett Bradbury,C,44955,1,10,10,10,0
2021103112,3024,47976,Olisaemeka Udoh,T,44955,1,10,10,10,0
2021103112,3024,52466,Ezra Cleveland,G,44892,9,10,10,10,0
2021103112,3024,53452,Christian Darrisaw,T,44892,9,10,10,10,0
2021103112,3930,36785,Ty Nsekhe,T,35539,22,4.510844312390667,5.333326127635957,3.944547842141098,0
2021103112,3930,41242,Zack Martin,G,52538,22,3.122464591259892,3.3929945123735603,1.115020028659216,0
2021103112,3930,43293,Ezekiel Elliott,RB,42388,22,2.438102920051328,3.0252319048238063,1.0239026105739522,0
2021103112,3930,46119,Connor Williams,G,39959,22,5.151081591982436,6.120425594346014,2.987325629871787,0
2021103112,3930,52554,Tyler Biadasz,C,39959,22,5.151081591982436,6.120425594346014,2.987325629871787,0
2021103112,3930,52938,Terence Steele,T,52525,22,2.816089930659907,3.575749605237122,1.1648094558698352,0
2021110100,159,43367,Joe Thuney,G,42349,16,6.601886306283577,6.5592269384727135,2.939055838040829,0
2021110100,159,46152,Orlando Brown,T,53479,16,4.229358516061085,5.701395092365502,2.4774860616623604,0
2021110100,159,52504,Lucas Niang,T,53645,16,4.7602963563257745,5.976163566553418,3.4343353650428092,0
2021110100,159,53492,Creed Humphrey,C,47800,16,5.583772648048125,5.762132706958447,1.447482048188091,0
2021110100,159,53655,Trey Smith,G,47800,16,5.583772648048125,5.762132706958447,1.447482048188091,0
2021110100,241,43367,Joe Thuney,G,43332,8,10,10,10,0
2021110100,241,46152,Orlando Brown,T,53479,18,5.92635766280709,6.22018470512916,1.9052141499220916,0
2021110100,241,52504,Lucas Niang,T,53645,16,10,10,10,0
2021110100,241,53492,Creed Humphrey,C,43332,8,10,10,10,0
2021110100,241,53655,Trey Smith,G,47800,8,10,10,10,0
2021110100,2593,43367,Joe Thuney,G,42349,31,7.647172183453451,7.0583929224552895,3.4577704983805333,0
2021110100,2593,46152,Orlando Brown,T,53479,31,6.692957005406602,5.884090629538512,1.2021650468878369,0
2021110100,2593,52504,Lucas Niang,T,53645,31,7.441450705005824,7.198752043513074,3.63654547285442,0
2021110100,2593,53492,Creed Humphrey,C,53479,31,6.692957005406602,5.884090629538512,1.2021650468878369,0
2021110100,3260,37090,Nate Solder,T,42406,21,3.084977845233499,3.877762135592114,0.7259878717877509,0
2021110100,3260,43695,Matt Skura,C,43338,18,8.445449286073314,8.158049274332619,5.764310503963483,0
2021110100,3260,46090,Billy Price,C,40051,21,4.684934653856603,5.733848358271187,4.302614128083629,0
2021110100,3260,52507,Matt Peart,T,40051,21,4.684934653856603,5.733848358271187,4.302614128083629,0
2021110100,3955,37090,Nate Solder,T,43326,29,5.998460018980684,6.119271672955346,1.0336575317478132,0
2021110100,3955,43695,Matt Skura,C,43338,18,10,8.517481193285084,3.937298345388267,0
2021110100,3955,46090,Billy Price,C,43338,18,10,8.517481193285084,3.937298345388267,0
2021110100,3955,46103,Will Hernandez,G,46521,28,3.644066881856915,5.185422517481993,2.205353709872689,0
2021110100,3955,52507,Matt Peart,T,42406,26,3.743848002451652,5.395958091323618,2.8303096079102645,0
